value	coefficient	base	position	side	trim_type
0.0988388285040855	mh_count	""	overlap1	mid	""
0.104274697601795	mh_count	""	overlap2	mid	""
0.104061737656593	mh_count	""	overlap3	mid	""
0.100163884460926	mh_count	""	overlap4	mid	""
-0.00231967424042523	base_count	GC	""	5end	v_trim
-0.00134516565594822	base_count	GC	""	5end	j_trim
0.000989836407825351	base_count	AT	""	3end	v_trim
-0.0019552216399461	base_count	GC	""	3end	v_trim
-0.000394989881897345	base_count	AT	""	3end	j_trim
2.26363536057761e-05	base_count	GC	""	3end	j_trim
0.00376757909543812	motif	A	pos1	5end	v_trim
0.00149126327596605	motif	C	pos1	5end	v_trim
-0.00730126444250345	motif	G	pos1	5end	v_trim
0.0032185772433877	motif	A	pos1	5end	j_trim
-0.00799606647342444	motif	C	pos1	5end	j_trim
0.00876195821911097	motif	G	pos1	5end	j_trim
0.00330695998854935	motif	A	pos1	3end	v_trim
-0.00377598940394819	motif	C	pos1	3end	v_trim
-0.00106999347917736	motif	G	pos1	3end	v_trim
0.00144061783794314	motif	A	pos2	3end	v_trim
-0.000358501303708181	motif	C	pos2	3end	v_trim
0.000315634359139949	motif	G	pos2	3end	v_trim
0.00134923588484526	motif	A	pos1	3end	j_trim
-0.00232482049614191	motif	C	pos1	3end	j_trim
0.00105030124541372	motif	G	pos1	3end	j_trim
0.000800647248979658	motif	A	pos2	3end	j_trim
0.000559530803002417	motif	C	pos2	3end	j_trim
-0.00079440645640716	motif	G	pos2	3end	j_trim
0.00153902289457619	motif	T	pos1	3end	v_trim
0.00204242207109928	motif	T	pos1	5end	v_trim
-0.00398446898907423	motif	T	pos1	5end	j_trim
-0.00139775089337491	motif	T	pos2	3end	v_trim
-0.000565771595574915	motif	T	pos2	3end	j_trim
-7.47166341170669e-05	motif	T	pos1	3end	j_trim
