value	coefficient	base	position	side	trim_type
0.0705141872167587	mh_prop	""	overlap0	up	""
0.123022362589836	mh_prop	""	overlap0	down	""
-0.974375665187836	mh_prop	""	overlap1	up	""
0.949596345424652	mh_prop	""	overlap1	mid	""
-0.948986172676086	mh_prop	""	overlap1	down	""
-0.882986128330231	mh_prop	""	overlap2	up	""
1.07700955867767	mh_prop	""	overlap2	mid	""
-0.946494281291962	mh_prop	""	overlap2	down	""
-0.805669903755188	mh_prop	""	overlap3	up	""
0.728955030441284	mh_prop	""	overlap3	mid	""
-0.903952658176422	mh_prop	""	overlap3	down	""
-0.947146475315094	mh_prop	""	overlap4	up	""
0.830953717231751	mh_prop	""	overlap4	mid	""
-0.966871857643127	mh_prop	""	overlap4	down	""
-0.0191572848707438	base_count	GC	""	5end	v_trim
0.0402240492403507	base_count	AT	""	3end	v_trim
-0.00547425867989659	base_count	GC	""	3end	v_trim
-0.0107870642095804	base_count	GC	""	5end	j_trim
0.0212464984506369	base_count	AT	""	3end	j_trim
0.00841691344976425	base_count	GC	""	3end	j_trim
0.126987740397453	motif	A	pos1	5end	v_trim
-0.0322173796594143	motif	C	pos1	5end	v_trim
-0.0579460486769676	motif	G	pos1	5end	v_trim
0.0856407657265663	motif	A	pos1	5end	j_trim
-0.0185740757733583	motif	C	pos1	5end	j_trim
-0.0222372263669968	motif	G	pos1	5end	j_trim
0.0594963133335114	motif	A	pos1	3end	v_trim
-0.067355290055275	motif	C	pos1	3end	v_trim
0.010266681201756	motif	G	pos1	3end	v_trim
0.0571282915771008	motif	A	pos2	3end	v_trim
-0.0579418428242207	motif	C	pos2	3end	v_trim
0.0033171814866364	motif	G	pos2	3end	v_trim
-0.00556355761364102	motif	A	pos1	3end	j_trim
-0.0188061073422432	motif	C	pos1	3end	j_trim
-0.0309684053063393	motif	G	pos1	3end	j_trim
-0.00745094334706664	motif	A	pos2	3end	j_trim
-0.0157819930464029	motif	C	pos2	3end	j_trim
-0.0333903841674328	motif	G	pos2	3end	j_trim
-0.0368243120610714	motif	T	pos1	5end	v_trim
0.0566233205609024	motif	T	pos2	3end	j_trim
-0.0025036302395165	motif	T	pos2	3end	v_trim
-0.0448294635862112	motif	T	pos1	5end	j_trim
0.0553380702622235	motif	T	pos1	3end	j_trim
-0.00240770447999239	motif	T	pos1	3end	v_trim
