value	coefficient	base	position	side	trim_type
0.143617257475853	ligation_mh	""	""	""	""
0.0312597490847111	base_count	GC	""	5end	v_trim
0.27017343044281	base_count	GC	""	5end	j_trim
-0.00813917815685272	base_count	AT	""	3end	v_trim
-0.22853796184063	base_count	GC	""	3end	v_trim
-0.00989937875419855	base_count	AT	""	3end	j_trim
-0.124543234705925	base_count	GC	""	3end	j_trim
-0.058604970574379	motif	A	pos1	5end	v_trim
0.204665616154671	motif	C	pos1	5end	v_trim
-0.00600409368053079	motif	G	pos1	5end	v_trim
-0.3646399974823	motif	A	pos1	5end	j_trim
0.417053014039993	motif	C	pos1	5end	j_trim
-0.140222743153572	motif	G	pos1	5end	j_trim
0.442942023277283	motif	A	pos1	3end	v_trim
-0.692477583885193	motif	C	pos1	3end	v_trim
0.0775454565882683	motif	G	pos1	3end	v_trim
0.055511549115181	motif	A	pos2	3end	v_trim
-0.192313179373741	motif	C	pos2	3end	v_trim
-0.0989334657788277	motif	G	pos2	3end	v_trim
0.241556093096733	motif	A	pos1	3end	j_trim
-0.418157815933228	motif	C	pos1	3end	j_trim
0.0584258213639259	motif	G	pos1	3end	j_trim
-0.1586824208498	motif	A	pos2	3end	j_trim
-0.0116726001724601	motif	C	pos2	3end	j_trim
-0.108067639172077	motif	G	pos2	3end	j_trim
0.171990104019642	motif	T	pos1	3end	v_trim
0.118175901472569	motif	T	pos1	3end	j_trim
-0.140056551899761	motif	T	pos1	5end	v_trim
0.235735096037388	motif	T	pos2	3end	v_trim
0.0878097265958786	motif	T	pos1	5end	j_trim
0.278422660194337	motif	T	pos2	3end	j_trim
