value	coefficient	base	position	side	trim_type
-0.284026443958282	ligation_mh	""	""	""	""
0.0438889227807522	base_count	GC	""	5end	v_trim
0.278894603252411	base_count	GC	""	5end	j_trim
-0.0320947356522083	base_count	AT	""	3end	v_trim
-0.255428791046143	base_count	GC	""	3end	v_trim
-0.0298397745937109	base_count	AT	""	3end	j_trim
-0.154494091868401	base_count	GC	""	3end	j_trim
-0.0340581089258194	motif	A	pos1	5end	v_trim
0.16849459707737	motif	C	pos1	5end	v_trim
0.0140598947182298	motif	G	pos1	5end	v_trim
-0.351333826780319	motif	A	pos1	5end	j_trim
0.410866677761078	motif	C	pos1	5end	j_trim
-0.135574236512184	motif	G	pos1	5end	j_trim
0.452625006437302	motif	A	pos1	3end	v_trim
-0.673624873161316	motif	C	pos1	3end	v_trim
0.0677390396595001	motif	G	pos1	3end	v_trim
0.0525746941566467	motif	A	pos2	3end	v_trim
-0.181761473417282	motif	C	pos2	3end	v_trim
-0.11982599645853	motif	G	pos2	3end	v_trim
0.241585791110992	motif	A	pos1	3end	j_trim
-0.398847043514252	motif	C	pos1	3end	j_trim
0.0554214604198933	motif	G	pos1	3end	j_trim
-0.141143888235092	motif	A	pos2	3end	j_trim
-0.0140790026634932	motif	C	pos2	3end	j_trim
-0.112465843558311	motif	G	pos2	3end	j_trim
0.267688734456897	motif	T	pos2	3end	j_trim
0.153260827064514	motif	T	pos1	3end	v_trim
0.249012775719166	motif	T	pos2	3end	v_trim
0.0760413855314255	motif	T	pos1	5end	j_trim
-0.14849638286978	motif	T	pos1	5end	v_trim
0.101839791983366	motif	T	pos1	3end	j_trim
