value	coefficient	base	position	side	trim_type
0.0313834026455879	ligation_mh	""	""	""	""
0.0370372459292412	base_count	GC	""	5end	v_trim
0.275801032781601	base_count	GC	""	5end	j_trim
-0.0195263214409351	base_count	AT	""	3end	v_trim
-0.242049098014832	base_count	GC	""	3end	v_trim
-0.0206978693604469	base_count	AT	""	3end	j_trim
-0.139351665973663	base_count	GC	""	3end	j_trim
-0.0537383705377579	motif	A	pos1	5end	v_trim
0.187514290213585	motif	C	pos1	5end	v_trim
0.00275952368974686	motif	G	pos1	5end	v_trim
-0.355914026498795	motif	A	pos1	5end	j_trim
0.414213359355927	motif	C	pos1	5end	j_trim
-0.14092256128788	motif	G	pos1	5end	j_trim
0.447287678718567	motif	A	pos1	3end	v_trim
-0.681400954723358	motif	C	pos1	3end	v_trim
0.0703751891851425	motif	G	pos1	3end	v_trim
0.0539863184094429	motif	A	pos2	3end	v_trim
-0.185369521379471	motif	C	pos2	3end	v_trim
-0.110100477933884	motif	G	pos2	3end	v_trim
0.242739021778107	motif	A	pos1	3end	j_trim
-0.407606512308121	motif	C	pos1	3end	j_trim
0.0557903535664082	motif	G	pos1	3end	j_trim
-0.149898767471313	motif	A	pos2	3end	j_trim
-0.011914849281311	motif	C	pos2	3end	j_trim
-0.111097663640976	motif	G	pos2	3end	j_trim
0.2729112803936	motif	T	pos2	3end	j_trim
0.109077136963606	motif	T	pos1	3end	j_trim
0.082623228430748	motif	T	pos1	5end	j_trim
-0.136535443365574	motif	T	pos1	5end	v_trim
0.163738086819649	motif	T	pos1	3end	v_trim
0.241483680903912	motif	T	pos2	3end	v_trim
