value	coefficient	base	position	side	trim_type
0.00258751446381211	mh_prop	""	overlap1	mid	""
0.0264673586934805	mh_prop	""	overlap2	mid	""
0.00759443501010537	mh_prop	""	overlap3	mid	""
0.021525027230382	mh_prop	""	overlap4	mid	""
0.0780153870582581	base_count	GC	""	5end	v_trim
0.294696748256683	base_count	GC	""	5end	j_trim
-0.143713757395744	base_count	AT	""	3end	v_trim
-0.381127029657364	base_count	GC	""	3end	v_trim
-0.124096617102623	base_count	AT	""	3end	j_trim
-0.303252875804901	base_count	GC	""	3end	j_trim
0.0432103350758553	motif	A	pos1	5end	v_trim
0.0416314192116261	motif	C	pos1	5end	v_trim
0.0258472859859467	motif	G	pos1	5end	v_trim
-0.30549019575119	motif	A	pos1	5end	j_trim
0.388487100601196	motif	C	pos1	5end	j_trim
-0.161009833216667	motif	G	pos1	5end	j_trim
0.413113981485367	motif	A	pos1	3end	v_trim
-0.54045981168747	motif	C	pos1	3end	v_trim
-0.00658374419435859	motif	G	pos1	3end	v_trim
0.0233311150223017	motif	A	pos2	3end	v_trim
-0.113309562206268	motif	C	pos2	3end	v_trim
-0.190060302615166	motif	G	pos2	3end	v_trim
0.218083441257477	motif	A	pos1	3end	j_trim
-0.330372005701065	motif	C	pos1	3end	j_trim
0.0241435822099447	motif	G	pos1	3end	j_trim
-0.0670677945017815	motif	A	pos2	3end	j_trim
-0.0104491515085101	motif	C	pos2	3end	j_trim
-0.187855586409569	motif	G	pos2	3end	j_trim
0.133929574396461	motif	T	pos1	3end	v_trim
0.26537253241986	motif	T	pos2	3end	j_trim
0.0881449822336435	motif	T	pos1	3end	j_trim
0.280038749799132	motif	T	pos2	3end	v_trim
-0.110689040273428	motif	T	pos1	5end	v_trim
0.0780129283666611	motif	T	pos1	5end	j_trim
