coefficient	value	error	base	position	side	trim_type	training_error
base_count	0.0774253606796265	1.4974639415741	GC	""	5end	v_trim	4.3394507542871e-08
base_count	0.29523292183876	1.3491222858429	GC	""	5end	j_trim	4.3394507542871e-08
base_count	-0.143873065710068	2.1153130531311	AT	""	3end	v_trim	4.3394507542871e-08
base_count	-0.381800562143326	2.01742792129517	GC	""	3end	v_trim	4.3394507542871e-08
base_count	-0.124332338571548	1.0664302110672	AT	""	3end	j_trim	4.3394507542871e-08
base_count	-0.30251869559288	1.65487349033356	GC	""	3end	j_trim	4.3394507542871e-08
motif	0.0425114966928959	2.05990529060364	A	pos1	5end	v_trim	4.3394507542871e-08
motif	0.0410632640123367	1.91258645057678	C	pos1	5end	v_trim	4.3394507542871e-08
motif	0.0252500399947166	1.87495887279511	G	pos1	5end	v_trim	4.3394507542871e-08
motif	-0.307063221931458	2.11003160476685	A	pos1	5end	j_trim	4.3394507542871e-08
motif	0.393001824617386	2.06374168395996	C	pos1	5end	j_trim	4.3394507542871e-08
motif	-0.162081748247147	2.11052680015564	G	pos1	5end	j_trim	4.3394507542871e-08
motif	0.410508006811142	2.04825162887573	A	pos1	3end	v_trim	4.3394507542871e-08
motif	-0.539373517036438	2.57795763015747	C	pos1	3end	v_trim	4.3394507542871e-08
motif	-0.00510811991989613	2.09118676185608	G	pos1	3end	v_trim	4.3394507542871e-08
motif	0.0229992400854826	2.24090766906738	A	pos2	3end	v_trim	4.3394507542871e-08
motif	-0.114637918770313	2.30727458000183	C	pos2	3end	v_trim	4.3394507542871e-08
motif	-0.190343260765076	2.10695123672485	G	pos2	3end	v_trim	4.3394507542871e-08
motif	0.216495871543884	1.90696465969086	A	pos1	3end	j_trim	4.3394507542871e-08
motif	-0.332590728998184	2.55562782287598	C	pos1	3end	j_trim	4.3394507542871e-08
motif	0.0256605464965105	2.11086487770081	G	pos1	3end	j_trim	4.3394507542871e-08
motif	-0.0682737603783608	2.13430047035217	A	pos2	3end	j_trim	4.3394507542871e-08
motif	-0.0109726190567017	2.44679999351501	C	pos2	3end	j_trim	4.3394507542871e-08
motif	-0.184009909629822	2.31173992156982	G	pos2	3end	j_trim	4.3394507542871e-08
ligation_mh	0.579478740692139	2.85125732421875	""	""	""	""	4.3394507542871e-08
motif	0.0761431455612183		T	pos1	5end	j_trim	4.3394507542871e-08
motif	0.263256289064884		T	pos2	3end	j_trim	4.3394507542871e-08
motif	-0.108824800699949		T	pos1	5end	v_trim	4.3394507542871e-08
motif	0.281981939449906		T	pos2	3end	v_trim	4.3394507542871e-08
motif	0.0904343109577894		T	pos1	3end	j_trim	4.3394507542871e-08
motif	0.133973630145192		T	pos1	3end	v_trim	4.3394507542871e-08
