value	coefficient	base	position	side	trim_type
0.257669925689697	mh_prop	""	overlap0	up	""
0.155438870191574	mh_prop	""	overlap0	down	""
0.325302183628082	mh_prop	""	overlap1	up	""
-0.0092327892780304	mh_prop	""	overlap1	mid	""
0.20256470143795	mh_prop	""	overlap1	down	""
0.354698836803436	mh_prop	""	overlap2	up	""
0.0103329522535205	mh_prop	""	overlap2	mid	""
0.244264960289001	mh_prop	""	overlap2	down	""
0.351150244474411	mh_prop	""	overlap3	up	""
0.043072521686554	mh_prop	""	overlap3	mid	""
0.224914401769638	mh_prop	""	overlap3	down	""
0.276878505945206	mh_prop	""	overlap4	up	""
0.0964681282639503	mh_prop	""	overlap4	mid	""
0.246150240302086	mh_prop	""	overlap4	down	""
0.131633952260017	base_count	GC	""	5end	v_trim
-0.111059360206127	base_count	AT	""	3end	v_trim
-0.564823389053345	base_count	GC	""	3end	v_trim
0.236891314387321	base_count	GC	""	5end	j_trim
-0.148587927222252	base_count	AT	""	3end	j_trim
-0.353555053472519	base_count	GC	""	3end	j_trim
-0.00506502250209451	motif	A	pos1	5end	v_trim
0.0471079908311367	motif	C	pos1	5end	v_trim
0.039702732115984	motif	G	pos1	5end	v_trim
-0.302937895059586	motif	A	pos1	5end	j_trim
0.424935251474381	motif	C	pos1	5end	j_trim
-0.168438524007797	motif	G	pos1	5end	j_trim
0.344223350286484	motif	A	pos1	3end	v_trim
-0.447239875793457	motif	C	pos1	3end	v_trim
0.0639180094003677	motif	G	pos1	3end	v_trim
-0.0400023423135281	motif	A	pos2	3end	v_trim
-0.0910607427358627	motif	C	pos2	3end	v_trim
-0.0933022275567055	motif	G	pos2	3end	v_trim
0.225767523050308	motif	A	pos1	3end	j_trim
-0.382077723741531	motif	C	pos1	3end	j_trim
0.0181433893740177	motif	G	pos1	3end	j_trim
-0.0304275918751955	motif	A	pos2	3end	j_trim
-0.0983545333147049	motif	C	pos2	3end	j_trim
-0.180529609322548	motif	G	pos2	3end	j_trim
-0.0817457004450262	motif	T	pos1	5end	v_trim
0.224365312606096	motif	T	pos2	3end	v_trim
0.0390985161066055	motif	T	pos1	3end	v_trim
0.309311734512448	motif	T	pos2	3end	j_trim
0.138166811317205	motif	T	pos1	3end	j_trim
0.0464411675930023	motif	T	pos1	5end	j_trim
