value	coefficient	base	position	side	trim_type
0.258685648441315	mh_prop	""	overlap0	up	""
0.155620977282524	mh_prop	""	overlap0	down	""
0.326935231685638	mh_prop	""	overlap1	up	""
-0.00929737836122513	mh_prop	""	overlap1	mid	""
0.202962607145309	mh_prop	""	overlap1	down	""
0.35646840929985	mh_prop	""	overlap2	up	""
0.0103187281638384	mh_prop	""	overlap2	mid	""
0.244820043444634	mh_prop	""	overlap2	down	""
0.35290002822876	mh_prop	""	overlap3	up	""
0.0432975478470325	mh_prop	""	overlap3	mid	""
0.225443556904793	mh_prop	""	overlap3	down	""
0.278042078018189	mh_prop	""	overlap4	up	""
0.0969808325171471	mh_prop	""	overlap4	mid	""
0.246700420975685	mh_prop	""	overlap4	down	""
0.131691157817841	base_count	GC	""	5end	v_trim
-0.110685460269451	base_count	AT	""	3end	v_trim
-0.565332591533661	base_count	GC	""	3end	v_trim
0.236841648817062	base_count	GC	""	5end	j_trim
-0.148636400699615	base_count	AT	""	3end	j_trim
-0.353700160980225	base_count	GC	""	3end	j_trim
-0.00506207533180714	motif	A	pos1	5end	v_trim
0.0470909625291824	motif	C	pos1	5end	v_trim
0.039719145745039	motif	G	pos1	5end	v_trim
-0.303222805261612	motif	A	pos1	5end	j_trim
0.425371408462524	motif	C	pos1	5end	j_trim
-0.168523088097572	motif	G	pos1	5end	j_trim
0.34453472495079	motif	A	pos1	3end	v_trim
-0.447758793830872	motif	C	pos1	3end	v_trim
0.0638732761144638	motif	G	pos1	3end	v_trim
-0.0397678948938847	motif	A	pos2	3end	v_trim
-0.0911762416362762	motif	C	pos2	3end	v_trim
-0.0935879498720169	motif	G	pos2	3end	v_trim
0.225994423031807	motif	A	pos1	3end	j_trim
-0.382720470428467	motif	C	pos1	3end	j_trim
0.018403697758913	motif	G	pos1	3end	j_trim
-0.0302870571613312	motif	A	pos2	3end	j_trim
-0.0983256250619888	motif	C	pos2	3end	j_trim
-0.180690184235573	motif	G	pos2	3end	j_trim
0.138322349637747	motif	T	pos1	3end	j_trim
-0.0817480329424143	motif	T	pos1	5end	v_trim
0.0393507927656174	motif	T	pos1	3end	v_trim
0.309302866458893	motif	T	pos2	3end	j_trim
0.0463744848966599	motif	T	pos1	5end	j_trim
0.224532086402178	motif	T	pos2	3end	v_trim
