value	coefficient	base	position	side	trim_type
0.107905521988869	ligation_mh	""	""	""	""
0.0110119581222534	base_count	GC	""	5end	v_trim
0.00377851701341569	base_count	GC	""	5end	j_trim
-0.00587405636906624	base_count	AT	""	3end	v_trim
0.0121937822550535	base_count	GC	""	3end	v_trim
-0.00602668430656195	base_count	AT	""	3end	j_trim
0.00449396716430783	base_count	GC	""	3end	j_trim
-0.115758642554283	motif	A	pos1	5end	v_trim
0.0405055172741413	motif	C	pos1	5end	v_trim
0.0413029678165913	motif	G	pos1	5end	v_trim
-0.0595571547746658	motif	A	pos1	5end	j_trim
-0.0326685830950737	motif	C	pos1	5end	j_trim
-0.00910135637968779	motif	G	pos1	5end	j_trim
-0.00771785620599985	motif	A	pos1	3end	v_trim
-0.0142969898879528	motif	C	pos1	3end	v_trim
0.0127756670117378	motif	G	pos1	3end	v_trim
-0.00673752324655652	motif	A	pos2	3end	v_trim
0.00424232706427574	motif	C	pos2	3end	v_trim
0.00357176549732685	motif	G	pos2	3end	v_trim
0.00193989532999694	motif	A	pos1	3end	j_trim
0.0183344446122646	motif	C	pos1	3end	j_trim
-0.0172505304217339	motif	G	pos1	3end	j_trim
-0.00485218781977892	motif	A	pos2	3end	j_trim
0.00686758756637573	motif	C	pos2	3end	j_trim
-0.00510550336912274	motif	G	pos2	3end	j_trim
0.0339501574635506	motif	T	pos1	5end	v_trim
0.101327094249427	motif	T	pos1	5end	j_trim
-0.00302380952052772	motif	T	pos1	3end	j_trim
0.00923917908221483	motif	T	pos1	3end	v_trim
0.00309010362252593	motif	T	pos2	3end	j_trim
-0.00107656931504607	motif	T	pos2	3end	v_trim
