value	coefficient	base	position	side	trim_type
-0.355702698230743	ligation_mh	""	""	""	""
0.00207496038638055	base_count	GC	""	5end	v_trim
-0.000746430887375027	base_count	GC	""	5end	j_trim
-0.00037697609513998	base_count	AT	""	3end	v_trim
0.00286819599568844	base_count	GC	""	3end	v_trim
-0.00186906405724585	base_count	AT	""	3end	j_trim
0.00131410756148398	base_count	GC	""	3end	j_trim
-0.0726063847541809	motif	A	pos1	5end	v_trim
0.0306330267339945	motif	C	pos1	5end	v_trim
0.0172294788062572	motif	G	pos1	5end	v_trim
-0.0310001131147146	motif	A	pos1	5end	j_trim
-0.0319995135068893	motif	C	pos1	5end	j_trim
0.00236175116151571	motif	G	pos1	5end	j_trim
0.000303252571029589	motif	A	pos1	3end	v_trim
-0.00973823014646769	motif	C	pos1	3end	v_trim
0.00510572968050838	motif	G	pos1	3end	v_trim
0.0010745826875791	motif	A	pos2	3end	v_trim
0.00200957339257002	motif	C	pos2	3end	v_trim
-0.00227457191795111	motif	G	pos2	3end	v_trim
0.00650639040395618	motif	A	pos1	3end	j_trim
-0.000237993241171353	motif	C	pos1	3end	j_trim
-0.00415135314688087	motif	G	pos1	3end	j_trim
-0.00216424535028636	motif	A	pos2	3end	j_trim
0.00443199463188648	motif	C	pos2	3end	j_trim
-0.00240079988725483	motif	G	pos2	3end	j_trim
0.0247438792139292	motif	T	pos1	5end	v_trim
0.000133050605654717	motif	T	pos2	3end	j_trim
-0.00211704401590396	motif	T	pos1	3end	j_trim
-0.000809584162198007	motif	T	pos2	3end	v_trim
0.0606378754600883	motif	T	pos1	5end	j_trim
0.00432924789492972	motif	T	pos1	3end	v_trim
