value	coefficient	base	position	side	trim_type
-0.0807418152689934	ligation_mh	""	""	""	""
0.0046864147298038	base_count	GC	""	5end	v_trim
0.000537070678547025	base_count	GC	""	5end	j_trim
3.12949191538792e-06	base_count	AT	""	3end	v_trim
0.0055854725651443	base_count	GC	""	3end	v_trim
-0.00288228970021009	base_count	AT	""	3end	j_trim
6.62815873511136e-05	base_count	GC	""	3end	j_trim
-0.0965158864855766	motif	A	pos1	5end	v_trim
0.0389377698302269	motif	C	pos1	5end	v_trim
0.0243342537432909	motif	G	pos1	5end	v_trim
-0.0463228188455105	motif	A	pos1	5end	j_trim
-0.036734364926815	motif	C	pos1	5end	j_trim
0.00111943949013948	motif	G	pos1	5end	j_trim
-0.00188240769784898	motif	A	pos1	3end	v_trim
-0.0114517230540514	motif	C	pos1	3end	v_trim
0.00879692099988461	motif	G	pos1	3end	v_trim
0.00048751276335679	motif	A	pos2	3end	v_trim
0.00312196020968258	motif	C	pos2	3end	v_trim
-0.00283781928010285	motif	G	pos2	3end	v_trim
0.00716164102777839	motif	A	pos1	3end	j_trim
0.00280698109418154	motif	C	pos1	3end	j_trim
-0.00641701882705092	motif	G	pos1	3end	j_trim
-0.00393083086237311	motif	A	pos2	3end	j_trim
0.00662805559113622	motif	C	pos2	3end	j_trim
-0.00499606691300869	motif	G	pos2	3end	j_trim
-0.003551603294909	motif	T	pos1	3end	j_trim
0.00229884218424559	motif	T	pos2	3end	j_trim
0.081937744282186	motif	T	pos1	5end	j_trim
0.0332438629120588	motif	T	pos1	5end	v_trim
0.00453720975201577	motif	T	pos1	3end	v_trim
-0.000771653692936525	motif	T	pos2	3end	v_trim
