coefficient	value	error	base	position	side	trim_type	training_error
base_count	0.0790939703583717		GC	""	5end	v_trim	0.0024120023008436
base_count	0.289428263902664		GC	""	5end	j_trim	0.0024120023008436
base_count	-0.139313951134682		AT	""	3end	v_trim	0.0024120023008436
base_count	-0.371223777532578		GC	""	3end	v_trim	0.0024120023008436
base_count	-0.12744103372097		AT	""	3end	j_trim	0.0024120023008436
base_count	-0.297833442687988		GC	""	3end	j_trim	0.0024120023008436
motif	0.0485743395984173		A	pos1	5end	v_trim	0.0024120023008436
motif	0.0444048382341862		C	pos1	5end	v_trim	0.0024120023008436
motif	0.0338241495192051		G	pos1	5end	v_trim	0.0024120023008436
motif	-0.312253087759018		A	pos1	5end	j_trim	0.0024120023008436
motif	0.399800628423691		C	pos1	5end	j_trim	0.0024120023008436
motif	-0.165144979953766		G	pos1	5end	j_trim	0.0024120023008436
motif	0.403198957443237		A	pos1	3end	v_trim	0.0024120023008436
motif	-0.464403480291367		C	pos1	3end	v_trim	0.0024120023008436
motif	13321.2236328125		G	pos1	3end	v_trim	0.0024120023008436
motif	-53285.03125		A	pos2	3end	v_trim	0.0024120023008436
motif	-0.108703643083572		C	pos2	3end	v_trim	0.0024120023008436
motif	-0.20381398499012		G	pos2	3end	v_trim	0.0024120023008436
motif	0.218062937259674		A	pos1	3end	j_trim	0.0024120023008436
motif	-0.322319358587265		C	pos1	3end	j_trim	0.0024120023008436
motif	53285.1640625		G	pos1	3end	j_trim	0.0024120023008436
motif	-0.0628671571612358		A	pos2	3end	j_trim	0.0024120023008436
motif	-0.0015675799222663		C	pos2	3end	j_trim	0.0024120023008436
motif	-0.167006656527519		G	pos2	3end	j_trim	0.0024120023008436
ligation_mh	0.094847783446312	2.44589734077454	""	""	""	""	0.0024120023008436
motif	-0.126803327351809		T	pos1	5end	v_trim	0.0024120023008436
motif	-13321.1624282897		T	pos1	3end	v_trim	0.0024120023008436
motif	53285.3437676281		T	pos2	3end	v_trim	0.0024120023008436
motif	0.231441393611021		T	pos2	3end	j_trim	0.0024120023008436
motif	0.077597439289093		T	pos1	5end	j_trim	0.0024120023008436
motif	-53285.0598060787		T	pos1	3end	j_trim	0.0024120023008436
