value	coefficient	base	position	side	trim_type
-0.00491804396733642	mh_count	""	overlap0	up	""
-0.0086403414607048	mh_count	""	overlap0	down	""
-0.00491053657606244	mh_count	""	overlap1	up	""
-0.0257363710552454	mh_count	""	overlap1	mid	""
0.000897994672413915	mh_count	""	overlap1	down	""
-0.000570239091757685	mh_count	""	overlap2	up	""
-0.00710161821916699	mh_count	""	overlap2	mid	""
0.00145325425546616	mh_count	""	overlap2	down	""
0.00180920481216162	mh_count	""	overlap3	up	""
0.00286094844341278	mh_count	""	overlap3	mid	""
-0.00319559755735099	mh_count	""	overlap3	down	""
0.0048387129791081	mh_count	""	overlap4	up	""
0.0135663188993931	mh_count	""	overlap4	mid	""
0.00303114904090762	mh_count	""	overlap4	down	""
0.165216952562332	base_count	GC	""	5end	v_trim
0.143458768725395	base_count	GC	""	5end	j_trim
-0.419560492038727	base_count	AT	""	3end	v_trim
-0.753254175186157	base_count	GC	""	3end	v_trim
-0.460809201002121	base_count	AT	""	3end	j_trim
-0.662764728069305	base_count	GC	""	3end	j_trim
0.158885255455971	v_length	""	""	""	v_trim
0.236549600958824	j_length	""	""	""	j_trim
-0.163628444075584	motif	A	pos1	5end	v_trim
0.176597505807877	motif	C	pos1	5end	v_trim
-0.0242483802139759	motif	G	pos1	5end	v_trim
-0.346776127815247	motif	A	pos1	5end	j_trim
0.481241524219513	motif	C	pos1	5end	j_trim
-0.164049535989761	motif	G	pos1	5end	j_trim
0.171410456299782	motif	A	pos1	3end	v_trim
-0.294087082147598	motif	C	pos1	3end	v_trim
-0.0143052032217383	motif	G	pos1	3end	v_trim
-0.183699190616608	motif	A	pos2	3end	v_trim
0.0199507083743811	motif	C	pos2	3end	v_trim
-0.136390015482903	motif	G	pos2	3end	v_trim
0.208123102784157	motif	A	pos1	3end	j_trim
-0.335461765527725	motif	C	pos1	3end	j_trim
0.0705529004335403	motif	G	pos1	3end	j_trim
-0.0677037760615349	motif	A	pos2	3end	j_trim
-0.0191860049962997	motif	C	pos2	3end	j_trim
-0.127468228340149	motif	G	pos2	3end	j_trim
0.0112793184816837	motif	T	pos1	5end	v_trim
0.214358009397984	motif	T	pos2	3end	j_trim
0.136981829069555	motif	T	pos1	3end	v_trim
0.0567857623100281	motif	T	pos1	3end	j_trim
0.029584139585495	motif	T	pos1	5end	j_trim
0.300138497725129	motif	T	pos2	3end	v_trim
