value	coefficient	base	position	side	trim_type
0.171394914388657	ligation_mh	""	""	""	""
0.0972855761647224	base_count	GC	""	5end	v_trim
0.291702806949616	base_count	GC	""	5end	j_trim
0.028672993183136	base_count	AT	""	3end	v_trim
-0.166238307952881	base_count	GC	""	3end	v_trim
-0.000215577209019102	base_count	AT	""	3end	j_trim
-0.104643121361732	base_count	GC	""	3end	j_trim
0.00817219261080027	motif	A	pos1	5end	v_trim
0.0829100087285042	motif	C	pos1	5end	v_trim
0.0403025783598423	motif	G	pos1	5end	v_trim
-0.311672866344452	motif	A	pos1	5end	j_trim
0.367090344429016	motif	C	pos1	5end	j_trim
-0.161727860569954	motif	G	pos1	5end	j_trim
0.479391127824783	motif	A	pos1	3end	v_trim
-0.584253191947937	motif	C	pos1	3end	v_trim
0.0637896880507469	motif	G	pos1	3end	v_trim
0.0737731978297234	motif	A	pos2	3end	v_trim
-0.142250090837479	motif	C	pos2	3end	v_trim
-0.14139561355114	motif	G	pos2	3end	v_trim
0.211236760020256	motif	A	pos1	3end	j_trim
-0.349881082773209	motif	C	pos1	3end	j_trim
0.0502525568008423	motif	G	pos1	3end	j_trim
-0.106888361275196	motif	A	pos2	3end	j_trim
0.00176821206696332	motif	C	pos2	3end	j_trim
-0.168854475021362	motif	G	pos2	3end	j_trim
-0.131384779699147	motif	T	pos1	5end	v_trim
0.273974624229595	motif	T	pos2	3end	j_trim
0.0883917659521103	motif	T	pos1	3end	j_trim
0.0410723760724068	motif	T	pos1	3end	v_trim
0.10631038248539	motif	T	pos1	5end	j_trim
0.209872506558895	motif	T	pos2	3end	v_trim
