value	coefficient	base	position	side	trim_type
-0.250752568244934	ligation_mh	""	""	""	""
0.0911845415830612	base_count	GC	""	5end	v_trim
0.29621422290802	base_count	GC	""	5end	j_trim
-0.000147904182085767	base_count	AT	""	3end	v_trim
-0.2072374522686	base_count	GC	""	3end	v_trim
-0.0202401485294104	base_count	AT	""	3end	j_trim
-0.138924449682236	base_count	GC	""	3end	j_trim
0.016723420470953	motif	A	pos1	5end	v_trim
0.0731187462806702	motif	C	pos1	5end	v_trim
0.0457898378372192	motif	G	pos1	5end	v_trim
-0.297804206609726	motif	A	pos1	5end	j_trim
0.367527782917023	motif	C	pos1	5end	j_trim
-0.159498035907745	motif	G	pos1	5end	j_trim
0.473556280136108	motif	A	pos1	3end	v_trim
-0.584619343280792	motif	C	pos1	3end	v_trim
0.05665098503232	motif	G	pos1	3end	v_trim
0.0660575851798058	motif	A	pos2	3end	v_trim
-0.143193766474724	motif	C	pos2	3end	v_trim
-0.150029703974724	motif	G	pos2	3end	v_trim
0.217187806963921	motif	A	pos1	3end	j_trim
-0.34613424539566	motif	C	pos1	3end	j_trim
0.0439155288040638	motif	G	pos1	3end	j_trim
-0.0971923545002937	motif	A	pos2	3end	j_trim
-0.000222247894271277	motif	C	pos2	3end	j_trim
-0.174821346998215	motif	G	pos2	3end	j_trim
0.085030909627676	motif	T	pos1	3end	j_trim
0.27223594939278	motif	T	pos2	3end	j_trim
0.0544120781123638	motif	T	pos1	3end	v_trim
0.0897744596004486	motif	T	pos1	5end	j_trim
-0.135632004588842	motif	T	pos1	5end	v_trim
0.227165885269642	motif	T	pos2	3end	v_trim
