value	coefficient	base	position	side	trim_type
0.0616078339517117	ligation_mh	""	""	""	""
0.0919442847371101	base_count	GC	""	5end	v_trim
0.292784541845322	base_count	GC	""	5end	j_trim
0.0143898548558354	base_count	AT	""	3end	v_trim
-0.184635207056999	base_count	GC	""	3end	v_trim
-0.0100291231647134	base_count	AT	""	3end	j_trim
-0.119155541062355	base_count	GC	""	3end	j_trim
0.00546676991507411	motif	A	pos1	5end	v_trim
0.0814098119735718	motif	C	pos1	5end	v_trim
0.0423715710639954	motif	G	pos1	5end	v_trim
-0.299202829599381	motif	A	pos1	5end	j_trim
0.361885786056519	motif	C	pos1	5end	j_trim
-0.164201661944389	motif	G	pos1	5end	j_trim
0.476810246706009	motif	A	pos1	3end	v_trim
-0.582316219806671	motif	C	pos1	3end	v_trim
0.0584459528326988	motif	G	pos1	3end	v_trim
0.0707176923751831	motif	A	pos2	3end	v_trim
-0.144465029239655	motif	C	pos2	3end	v_trim
-0.144018590450287	motif	G	pos2	3end	v_trim
0.21393333375454	motif	A	pos1	3end	j_trim
-0.345739006996155	motif	C	pos1	3end	j_trim
0.0460828319191933	motif	G	pos1	3end	j_trim
-0.103401228785515	motif	A	pos2	3end	j_trim
0.00101238396018744	motif	C	pos2	3end	j_trim
-0.17109303176403	motif	G	pos2	3end	j_trim
0.101518705487251	motif	T	pos1	5end	j_trim
0.0470600202679634	motif	T	pos1	3end	v_trim
-0.129248152952641	motif	T	pos1	5end	v_trim
0.273481876589358	motif	T	pos2	3end	j_trim
0.085722841322422	motif	T	pos1	3end	j_trim
0.217765927314758	motif	T	pos2	3end	v_trim
