value	coefficient	base	position	side	trim_type
-0.33114367723465	ligation_mh	""	""	""	""
0.0813339799642563	base_count	GC	""	5end	v_trim
0.293500244617462	base_count	GC	""	5end	j_trim
-0.142223179340363	base_count	AT	""	3end	v_trim
-0.376459866762161	base_count	GC	""	3end	v_trim
-0.124993212521076	base_count	AT	""	3end	j_trim
-0.302759557962418	base_count	GC	""	3end	j_trim
-0.0319963358342648	motif	A	pos1	5end	v_trim
0.0881124138832092	motif	C	pos1	5end	v_trim
0.0328399650752544	motif	G	pos1	5end	v_trim
-0.26486599445343	motif	A	pos1	5end	j_trim
0.338614821434021	motif	C	pos1	5end	j_trim
-0.163953602313995	motif	G	pos1	5end	j_trim
0.411760240793228	motif	A	pos1	3end	v_trim
-0.538237988948822	motif	C	pos1	3end	v_trim
-0.00692315399646759	motif	G	pos1	3end	v_trim
0.0236511658877134	motif	A	pos2	3end	v_trim
-0.113332912325859	motif	C	pos2	3end	v_trim
-0.189210921525955	motif	G	pos2	3end	v_trim
0.21999566257	motif	A	pos1	3end	j_trim
-0.328091412782669	motif	C	pos1	3end	j_trim
0.0200858525931835	motif	G	pos1	3end	j_trim
-0.0709351748228073	motif	A	pos2	3end	j_trim
-0.00853413250297308	motif	C	pos2	3end	j_trim
-0.186983868479729	motif	G	pos2	3end	j_trim
-0.0889560431241989	motif	T	pos1	5end	v_trim
0.278892667964101	motif	T	pos2	3end	v_trim
0.0880098976194859	motif	T	pos1	3end	j_trim
0.266453175805509	motif	T	pos2	3end	j_trim
0.133400902152061	motif	T	pos1	3end	v_trim
0.0902047753334045	motif	T	pos1	5end	j_trim
