value	coefficient	base	position	side	trim_type
-0.0769269391894341	ligation_mh	""	""	""	""
0.0843815878033638	base_count	GC	""	5end	v_trim
0.293997079133987	base_count	GC	""	5end	j_trim
-0.139430537819862	base_count	AT	""	3end	v_trim
-0.372163027524948	base_count	GC	""	3end	v_trim
-0.12851420044899	base_count	AT	""	3end	j_trim
-0.299626708030701	base_count	GC	""	3end	j_trim
-0.0627926662564278	motif	A	pos1	5end	v_trim
0.107905238866806	motif	C	pos1	5end	v_trim
0.0356923043727875	motif	G	pos1	5end	v_trim
-0.253184050321579	motif	A	pos1	5end	j_trim
0.321383893489838	motif	C	pos1	5end	j_trim
-0.168040081858635	motif	G	pos1	5end	j_trim
0.411455363035202	motif	A	pos1	3end	v_trim
-0.539939284324646	motif	C	pos1	3end	v_trim
-0.0047193905338645	motif	G	pos1	3end	v_trim
0.0247255247086287	motif	A	pos2	3end	v_trim
-0.116289675235748	motif	C	pos2	3end	v_trim
-0.186845511198044	motif	G	pos2	3end	v_trim
0.216970711946487	motif	A	pos1	3end	j_trim
-0.321532547473907	motif	C	pos1	3end	j_trim
0.0162886846810579	motif	G	pos1	3end	j_trim
-0.0768353119492531	motif	A	pos2	3end	j_trim
-0.00227751606144011	motif	C	pos2	3end	j_trim
-0.184493184089661	motif	G	pos2	3end	j_trim
-0.0808048769831657	motif	T	pos1	5end	v_trim
0.0998402386903763	motif	T	pos1	5end	j_trim
0.0882731508463621	motif	T	pos1	3end	j_trim
0.263606012100354	motif	T	pos2	3end	j_trim
0.278409661725163	motif	T	pos2	3end	v_trim
0.133203311823308	motif	T	pos1	3end	v_trim
