value	coefficient	base	position	side	trim_type
-0.307369947433472	ligation_mh	""	""	""	""
0.0797446146607399	base_count	GC	""	5end	v_trim
0.292982429265976	base_count	GC	""	5end	j_trim
-0.145297139883041	base_count	AT	""	3end	v_trim
-0.375160366296768	base_count	GC	""	3end	v_trim
-0.125792562961578	base_count	AT	""	3end	j_trim
-0.299358785152435	base_count	GC	""	3end	j_trim
-0.0433511920273304	motif	A	pos1	5end	v_trim
0.0891773849725723	motif	C	pos1	5end	v_trim
0.0237229745835066	motif	G	pos1	5end	v_trim
-0.297366917133331	motif	A	pos1	5end	j_trim
0.34652778506279	motif	C	pos1	5end	j_trim
-0.169191107153893	motif	G	pos1	5end	j_trim
0.412468701601028	motif	A	pos1	3end	v_trim
-0.540288031101227	motif	C	pos1	3end	v_trim
-0.00516068236902356	motif	G	pos1	3end	v_trim
0.0228024087846279	motif	A	pos2	3end	v_trim
-0.112362571060658	motif	C	pos2	3end	v_trim
-0.189401760697365	motif	G	pos2	3end	v_trim
0.217911586165428	motif	A	pos1	3end	j_trim
-0.319833517074585	motif	C	pos1	3end	j_trim
0.0174072813242674	motif	G	pos1	3end	j_trim
-0.0699691325426102	motif	A	pos2	3end	j_trim
-0.00675915461033583	motif	C	pos2	3end	j_trim
-0.189236596226692	motif	G	pos2	3end	j_trim
-0.0695491675287485	motif	T	pos1	5end	v_trim
0.278961922973394	motif	T	pos2	3end	v_trim
0.132980011869222	motif	T	pos1	3end	v_trim
0.0845146495848894	motif	T	pos1	3end	j_trim
0.120030239224434	motif	T	pos1	5end	j_trim
0.265964883379638	motif	T	pos2	3end	j_trim
