value	coefficient	base	position	side	trim_type
-0.358327865600586	ligation_mh	""	""	""	""
0.0814393907785416	base_count	GC	""	5end	v_trim
0.29423126578331	base_count	GC	""	5end	j_trim
-0.142425253987312	base_count	AT	""	3end	v_trim
-0.373973369598389	base_count	GC	""	3end	v_trim
-0.126026898622513	base_count	AT	""	3end	j_trim
-0.30116206407547	base_count	GC	""	3end	j_trim
-0.034864217042923	motif	A	pos1	5end	v_trim
0.0917125791311264	motif	C	pos1	5end	v_trim
0.0342792347073555	motif	G	pos1	5end	v_trim
-0.265055358409882	motif	A	pos1	5end	j_trim
0.337111532688141	motif	C	pos1	5end	j_trim
-0.163091510534287	motif	G	pos1	5end	j_trim
0.412575542926788	motif	A	pos1	3end	v_trim
-0.540409922599793	motif	C	pos1	3end	v_trim
-0.00636118976399303	motif	G	pos1	3end	v_trim
0.0232054181396961	motif	A	pos2	3end	v_trim
-0.11268787831068	motif	C	pos2	3end	v_trim
-0.19030225276947	motif	G	pos2	3end	v_trim
0.216636702418327	motif	A	pos1	3end	j_trim
-0.326928913593292	motif	C	pos1	3end	j_trim
0.0224833358079195	motif	G	pos1	3end	j_trim
-0.0723652243614197	motif	A	pos2	3end	j_trim
-0.0096377432346344	motif	C	pos2	3end	j_trim
-0.183853968977928	motif	G	pos2	3end	j_trim
0.265856936573982	motif	T	pos2	3end	j_trim
0.0910353362560272	motif	T	pos1	5end	j_trim
0.0878088753670454	motif	T	pos1	3end	j_trim
0.134195569436997	motif	T	pos1	3end	v_trim
-0.0911275967955589	motif	T	pos1	5end	v_trim
0.279784712940455	motif	T	pos2	3end	v_trim
