value	coefficient	base	position	side	trim_type
-0.270946025848389	ligation_mh	""	""	""	""
0.0789170786738396	base_count	GC	""	5end	v_trim
0.292257905006409	base_count	GC	""	5end	j_trim
-0.141407042741776	base_count	AT	""	3end	v_trim
-0.378254234790802	base_count	GC	""	3end	v_trim
-0.125946119427681	base_count	AT	""	3end	j_trim
-0.298441022634506	base_count	GC	""	3end	j_trim
-0.0374096147716045	motif	A	pos1	5end	v_trim
0.0840239971876144	motif	C	pos1	5end	v_trim
0.0228593293577433	motif	G	pos1	5end	v_trim
-0.298954367637634	motif	A	pos1	5end	j_trim
0.348752558231354	motif	C	pos1	5end	j_trim
-0.168811872601509	motif	G	pos1	5end	j_trim
0.409524410963058	motif	A	pos1	3end	v_trim
-0.538982391357422	motif	C	pos1	3end	v_trim
-0.00860400404781103	motif	G	pos1	3end	v_trim
0.0229313876479864	motif	A	pos2	3end	v_trim
-0.112450197339058	motif	C	pos2	3end	v_trim
-0.192545220255852	motif	G	pos2	3end	v_trim
0.218163266777992	motif	A	pos1	3end	j_trim
-0.3223757147789	motif	C	pos1	3end	j_trim
0.0185794308781624	motif	G	pos1	3end	j_trim
-0.0686115399003029	motif	A	pos2	3end	j_trim
-0.00482507050037384	motif	C	pos2	3end	j_trim
-0.189379215240479	motif	G	pos2	3end	j_trim
0.138061984442174	motif	T	pos1	3end	v_trim
0.0856330171227455	motif	T	pos1	3end	j_trim
0.282064029946923	motif	T	pos2	3end	v_trim
-0.0694737117737532	motif	T	pos1	5end	v_trim
0.11901368200779	motif	T	pos1	5end	j_trim
0.262815825641155	motif	T	pos2	3end	j_trim
