value	coefficient	base	position	side	trim_type
-0.0642164722084999	ligation_mh	""	""	""	""
0.0797599330544472	base_count	GC	""	5end	v_trim
0.297345221042633	base_count	GC	""	5end	j_trim
-0.152105927467346	base_count	AT	""	3end	v_trim
-0.373494118452072	base_count	GC	""	3end	v_trim
-0.130249917507172	base_count	AT	""	3end	j_trim
-0.287596255540848	base_count	GC	""	3end	j_trim
-0.0581938549876213	motif	A	pos1	5end	v_trim
0.100531712174416	motif	C	pos1	5end	v_trim
0.0356373339891434	motif	G	pos1	5end	v_trim
-0.259125769138336	motif	A	pos1	5end	j_trim
0.325322061777115	motif	C	pos1	5end	j_trim
-0.167989194393158	motif	G	pos1	5end	j_trim
0.404779493808746	motif	A	pos1	3end	v_trim
-0.514826536178589	motif	C	pos1	3end	v_trim
-0.0155721781775355	motif	G	pos1	3end	v_trim
0.00710537144914269	motif	A	pos2	3end	v_trim
-0.111776225268841	motif	C	pos2	3end	v_trim
-0.183871626853943	motif	G	pos2	3end	v_trim
0.225977048277855	motif	A	pos1	3end	j_trim
-0.322725057601929	motif	C	pos1	3end	j_trim
0.0222601369023323	motif	G	pos1	3end	j_trim
-0.0771261528134346	motif	A	pos2	3end	j_trim
-0.0148266842588782	motif	C	pos2	3end	j_trim
-0.164918422698975	motif	G	pos2	3end	j_trim
-0.0779751911759377	motif	T	pos1	5end	v_trim
0.101792901754379	motif	T	pos1	5end	j_trim
0.288542480673641	motif	T	pos2	3end	v_trim
0.256871259771287	motif	T	pos2	3end	j_trim
0.125619220547378	motif	T	pos1	3end	v_trim
0.0744878724217415	motif	T	pos1	3end	j_trim
