value	coefficient	base	position	side	trim_type
-0.297000408172607	ligation_mh	""	""	""	""
-0.0507628992199898	base_count	GC	""	5end	v_trim
0.231720224022865	base_count	GC	""	5end	j_trim
-0.321583390235901	base_count	AT	""	3end	v_trim
-0.340598732233048	base_count	GC	""	3end	v_trim
-0.102724812924862	base_count	AT	""	3end	j_trim
-0.280760079622269	base_count	GC	""	3end	j_trim
-0.177860766649246	motif	A	pos1	5end	v_trim
0.066327415406704	motif	C	pos1	5end	v_trim
-0.175526693463326	motif	G	pos1	5end	v_trim
-0.353171437978745	motif	A	pos1	5end	j_trim
0.382793843746185	motif	C	pos1	5end	j_trim
-0.242473483085632	motif	G	pos1	5end	j_trim
0.425654321908951	motif	A	pos1	3end	v_trim
-0.601343512535095	motif	C	pos1	3end	v_trim
-0.113296113908291	motif	G	pos1	3end	v_trim
0.114735245704651	motif	A	pos2	3end	v_trim
-0.238876894116402	motif	C	pos2	3end	v_trim
-0.0706310719251633	motif	G	pos2	3end	v_trim
0.237907886505127	motif	A	pos1	3end	j_trim
-0.437637150287628	motif	C	pos1	3end	j_trim
0.0561310015618801	motif	G	pos1	3end	j_trim
-0.113752074539661	motif	A	pos2	3end	j_trim
0.0192041993141174	motif	C	pos2	3end	j_trim
-0.206371024250984	motif	G	pos2	3end	j_trim
0.212851077318192	motif	T	pos1	5end	j_trim
0.287060044705868	motif	T	pos1	5end	v_trim
0.194772720336914	motif	T	pos2	3end	v_trim
0.300918899476528	motif	T	pos2	3end	j_trim
0.288985304534435	motif	T	pos1	3end	v_trim
0.143598262220621	motif	T	pos1	3end	j_trim
