value	coefficient	base	position	side	trim_type
-0.330362230539322	ligation_mh	""	""	""	""
0.0777820646762848	base_count	GC	""	5end	v_trim
0.292778998613358	base_count	GC	""	5end	j_trim
-0.138980239629745	base_count	AT	""	3end	v_trim
-0.381963431835175	base_count	GC	""	3end	v_trim
-0.125245347619057	base_count	AT	""	3end	j_trim
-0.299311310052872	base_count	GC	""	3end	j_trim
-0.0359631218016148	motif	A	pos1	5end	v_trim
0.0851813405752182	motif	C	pos1	5end	v_trim
0.0222119782119989	motif	G	pos1	5end	v_trim
-0.29542076587677	motif	A	pos1	5end	j_trim
0.349616467952728	motif	C	pos1	5end	j_trim
-0.169379636645317	motif	G	pos1	5end	j_trim
0.410833716392517	motif	A	pos1	3end	v_trim
-0.540774405002594	motif	C	pos1	3end	v_trim
-0.00760973477736116	motif	G	pos1	3end	v_trim
0.0225644949823618	motif	A	pos2	3end	v_trim
-0.11441446095705	motif	C	pos2	3end	v_trim
-0.189922779798508	motif	G	pos2	3end	v_trim
0.217882364988327	motif	A	pos1	3end	j_trim
-0.319393783807755	motif	C	pos1	3end	j_trim
0.0188576001673937	motif	G	pos1	3end	j_trim
-0.0706452205777168	motif	A	pos2	3end	j_trim
-0.00699014635756612	motif	C	pos2	3end	j_trim
-0.185299247503281	motif	G	pos2	3end	j_trim
0.137550423387438	motif	T	pos1	3end	v_trim
0.0826538186520338	motif	T	pos1	3end	j_trim
0.281772745773196	motif	T	pos2	3end	v_trim
0.115183934569359	motif	T	pos1	5end	j_trim
-0.0714301969856024	motif	T	pos1	5end	v_trim
0.262934614438564	motif	T	pos2	3end	j_trim
