value	coefficient	base	position	side	trim_type
-0.326049774885178	ligation_mh	""	""	""	""
0.0778777226805687	base_count	GC	""	5end	v_trim
0.296889305114746	base_count	GC	""	5end	j_trim
-0.154073715209961	base_count	AT	""	3end	v_trim
-0.374127417802811	base_count	GC	""	3end	v_trim
-0.126895859837532	base_count	AT	""	3end	j_trim
-0.293164879083633	base_count	GC	""	3end	j_trim
-0.0391903184354305	motif	A	pos1	5end	v_trim
0.0893130153417587	motif	C	pos1	5end	v_trim
0.0343009233474731	motif	G	pos1	5end	v_trim
-0.267432987689972	motif	A	pos1	5end	j_trim
0.335459202528	motif	C	pos1	5end	j_trim
-0.164795964956284	motif	G	pos1	5end	j_trim
0.407425493001938	motif	A	pos1	3end	v_trim
-0.518000662326813	motif	C	pos1	3end	v_trim
-0.0158318281173706	motif	G	pos1	3end	v_trim
0.00666587008163333	motif	A	pos2	3end	v_trim
-0.111440606415272	motif	C	pos2	3end	v_trim
-0.186983287334442	motif	G	pos2	3end	v_trim
0.22579750418663	motif	A	pos1	3end	j_trim
-0.319134205579758	motif	C	pos1	3end	j_trim
0.0198218040168285	motif	G	pos1	3end	j_trim
-0.0728189125657082	motif	A	pos2	3end	j_trim
-0.0149504784494638	motif	C	pos2	3end	j_trim
-0.166244804859161	motif	G	pos2	3end	j_trim
0.126406997442245	motif	T	pos1	3end	v_trim
0.0967697501182556	motif	T	pos1	5end	j_trim
-0.0844236202538014	motif	T	pos1	5end	v_trim
0.0735148973762989	motif	T	pos1	3end	j_trim
0.254014195874333	motif	T	pos2	3end	j_trim
0.291758023668081	motif	T	pos2	3end	v_trim
