value	coefficient	base	position	side	trim_type
0.122040368616581	ligation_mh	""	""	""	""
0.0882169380784035	base_count	GC	""	5end	v_trim
0.295403122901917	base_count	GC	""	5end	j_trim
-0.141356557607651	base_count	AT	""	3end	v_trim
-0.369294673204422	base_count	GC	""	3end	v_trim
-0.131961315870285	base_count	AT	""	3end	j_trim
-0.297109544277191	base_count	GC	""	3end	j_trim
-0.0824669748544693	motif	A	pos1	5end	v_trim
0.120137885212898	motif	C	pos1	5end	v_trim
0.0391653962433338	motif	G	pos1	5end	v_trim
-0.246739327907562	motif	A	pos1	5end	j_trim
0.312742382287979	motif	C	pos1	5end	j_trim
-0.176108136773109	motif	G	pos1	5end	j_trim
0.40817654132843	motif	A	pos1	3end	v_trim
-0.535493195056915	motif	C	pos1	3end	v_trim
-0.000466638535726816	motif	G	pos1	3end	v_trim
0.0248729716986418	motif	A	pos2	3end	v_trim
-0.113627731800079	motif	C	pos2	3end	v_trim
-0.189173892140389	motif	G	pos2	3end	v_trim
0.205489993095398	motif	A	pos1	3end	j_trim
-0.302490144968033	motif	C	pos1	3end	j_trim
0.00748084485530853	motif	G	pos1	3end	j_trim
-0.0818556547164917	motif	A	pos2	3end	j_trim
0.00367693370208144	motif	C	pos2	3end	j_trim
-0.182537004351616	motif	G	pos2	3end	j_trim
0.110105082392693	motif	T	pos1	5end	j_trim
0.260715725366026	motif	T	pos2	3end	j_trim
0.127783292264212	motif	T	pos1	3end	v_trim
0.277928652241826	motif	T	pos2	3end	v_trim
0.0895193070173264	motif	T	pos1	3end	j_trim
-0.0768363066017628	motif	T	pos1	5end	v_trim
