value	coefficient	base	position	side	trim_type
-0.297940343618393	ligation_mh	""	""	""	""
0.0829075425863266	base_count	GC	""	5end	v_trim
0.293498039245605	base_count	GC	""	5end	j_trim
-0.142627313733101	base_count	AT	""	3end	v_trim
-0.374170809984207	base_count	GC	""	3end	v_trim
-0.126211941242218	base_count	AT	""	3end	j_trim
-0.303468525409699	base_count	GC	""	3end	j_trim
-0.039554238319397	motif	A	pos1	5end	v_trim
0.0943318605422974	motif	C	pos1	5end	v_trim
0.0308294165879488	motif	G	pos1	5end	v_trim
-0.263984560966492	motif	A	pos1	5end	j_trim
0.337137848138809	motif	C	pos1	5end	j_trim
-0.166379973292351	motif	G	pos1	5end	j_trim
0.411503076553345	motif	A	pos1	3end	v_trim
-0.54011482000351	motif	C	pos1	3end	v_trim
-0.00681857811287046	motif	G	pos1	3end	v_trim
0.0247578807175159	motif	A	pos2	3end	v_trim
-0.113561280071735	motif	C	pos2	3end	v_trim
-0.188509568572044	motif	G	pos2	3end	v_trim
0.217013388872147	motif	A	pos1	3end	j_trim
-0.32474622130394	motif	C	pos1	3end	j_trim
0.0194826684892178	motif	G	pos1	3end	j_trim
-0.0738435387611389	motif	A	pos2	3end	j_trim
-0.00752444146201015	motif	C	pos2	3end	j_trim
-0.182871133089066	motif	G	pos2	3end	j_trim
0.0882501639425755	motif	T	pos1	3end	j_trim
0.0932266861200333	motif	T	pos1	5end	j_trim
0.135430321563035	motif	T	pos1	3end	v_trim
-0.0856070388108492	motif	T	pos1	5end	v_trim
0.264239113312215	motif	T	pos2	3end	j_trim
0.277312967926264	motif	T	pos2	3end	v_trim
