value	coefficient	base	position	side	trim_type
0.14934179186821	ligation_mh	""	""	""	""
0.080706313252449	base_count	GC	""	5end	v_trim
0.298327386379242	base_count	GC	""	5end	j_trim
-0.151772260665894	base_count	AT	""	3end	v_trim
-0.371692299842834	base_count	GC	""	3end	v_trim
-0.136057645082474	base_count	AT	""	3end	j_trim
-0.283236414194107	base_count	GC	""	3end	j_trim
-0.0825678631663322	motif	A	pos1	5end	v_trim
0.110360257327557	motif	C	pos1	5end	v_trim
0.037747360765934	motif	G	pos1	5end	v_trim
-0.254308313131332	motif	A	pos1	5end	j_trim
0.317706018686295	motif	C	pos1	5end	j_trim
-0.175351977348328	motif	G	pos1	5end	j_trim
0.397649496793747	motif	A	pos1	3end	v_trim
-0.501471340656281	motif	C	pos1	3end	v_trim
-0.0121087143197656	motif	G	pos1	3end	v_trim
0.00653668958693743	motif	A	pos2	3end	v_trim
-0.111346952617168	motif	C	pos2	3end	v_trim
-0.174750819802284	motif	G	pos2	3end	v_trim
0.222578004002571	motif	A	pos1	3end	j_trim
-0.311995178461075	motif	C	pos1	3end	j_trim
0.0144785083830357	motif	G	pos1	3end	j_trim
-0.0782390311360359	motif	A	pos2	3end	j_trim
-0.00509897898882628	motif	C	pos2	3end	j_trim
-0.17073680460453	motif	G	pos2	3end	j_trim
0.0749386660754681	motif	T	pos1	3end	j_trim
0.279561082832515	motif	T	pos2	3end	v_trim
0.111954271793365	motif	T	pos1	5end	j_trim
0.115930558182299	motif	T	pos1	3end	v_trim
-0.0655397549271584	motif	T	pos1	5end	v_trim
0.254074814729393	motif	T	pos2	3end	j_trim
