value	coefficient	base	position	side	trim_type
-0.0983109772205353	ligation_mh	""	""	""	""
-0.0484134592115879	base_count	GC	""	5end	v_trim
0.232772827148438	base_count	GC	""	5end	j_trim
-0.321727395057678	base_count	AT	""	3end	v_trim
-0.338867217302322	base_count	GC	""	3end	v_trim
-0.106214985251427	base_count	AT	""	3end	j_trim
-0.279119580984116	base_count	GC	""	3end	j_trim
-0.206806942820549	motif	A	pos1	5end	v_trim
0.0817222520709038	motif	C	pos1	5end	v_trim
-0.174560248851776	motif	G	pos1	5end	v_trim
-0.365426957607269	motif	A	pos1	5end	j_trim
0.375843435525894	motif	C	pos1	5end	j_trim
-0.246114149689674	motif	G	pos1	5end	j_trim
0.427314817905426	motif	A	pos1	3end	v_trim
-0.603524565696716	motif	C	pos1	3end	v_trim
-0.112775005400181	motif	G	pos1	3end	v_trim
0.119046427309513	motif	A	pos2	3end	v_trim
-0.242469131946564	motif	C	pos2	3end	v_trim
-0.0693161264061928	motif	G	pos2	3end	v_trim
0.23881109058857	motif	A	pos1	3end	j_trim
-0.434504747390747	motif	C	pos1	3end	j_trim
0.0513178817927837	motif	G	pos1	3end	j_trim
-0.11591524630785	motif	A	pos2	3end	j_trim
0.0215540863573551	motif	C	pos2	3end	j_trim
-0.206494987010956	motif	G	pos2	3end	j_trim
0.288984753191471	motif	T	pos1	3end	v_trim
0.299644939601421	motif	T	pos1	5end	v_trim
0.300856146961451	motif	T	pos2	3end	j_trim
0.144375775009394	motif	T	pos1	3end	j_trim
0.192738831043243	motif	T	pos2	3end	v_trim
0.23569767177105	motif	T	pos1	5end	j_trim
