value	coefficient	base	position	side	trim_type
-0.386941462755203	ligation_mh	""	""	""	""
0.078151635825634	base_count	GC	""	5end	v_trim
0.297978788614273	base_count	GC	""	5end	j_trim
-0.153103068470955	base_count	AT	""	3end	v_trim
-0.373966842889786	base_count	GC	""	3end	v_trim
-0.12794516980648	base_count	AT	""	3end	j_trim
-0.291035234928131	base_count	GC	""	3end	j_trim
-0.0334587693214417	motif	A	pos1	5end	v_trim
0.0842927172780037	motif	C	pos1	5end	v_trim
0.0328975059092045	motif	G	pos1	5end	v_trim
-0.270243257284164	motif	A	pos1	5end	j_trim
0.33963006734848	motif	C	pos1	5end	j_trim
-0.165845930576324	motif	G	pos1	5end	j_trim
0.406274169683456	motif	A	pos1	3end	v_trim
-0.518803060054779	motif	C	pos1	3end	v_trim
-0.0144226178526878	motif	G	pos1	3end	v_trim
0.00727347377687693	motif	A	pos2	3end	v_trim
-0.111555747687817	motif	C	pos2	3end	v_trim
-0.184451311826706	motif	G	pos2	3end	v_trim
0.225840300321579	motif	A	pos1	3end	j_trim
-0.324006259441376	motif	C	pos1	3end	j_trim
0.0220133885741234	motif	G	pos1	3end	j_trim
-0.0742500573396683	motif	A	pos2	3end	j_trim
-0.016079556196928	motif	C	pos2	3end	j_trim
-0.163592100143433	motif	G	pos2	3end	j_trim
0.0761525705456734	motif	T	pos1	3end	j_trim
0.288733585737646	motif	T	pos2	3end	v_trim
0.12695150822401	motif	T	pos1	3end	v_trim
-0.0837314538657665	motif	T	pos1	5end	v_trim
0.253921713680029	motif	T	pos2	3end	j_trim
0.0964591205120087	motif	T	pos1	5end	j_trim
