value	coefficient	base	position	side	trim_type
-0.381671875715256	ligation_mh	""	""	""	""
-0.0504705831408501	base_count	GC	""	5end	v_trim
0.233961373567581	base_count	GC	""	5end	j_trim
-0.32255631685257	base_count	AT	""	3end	v_trim
-0.338886827230454	base_count	GC	""	3end	v_trim
-0.10345646739006	base_count	AT	""	3end	j_trim
-0.281754642724991	base_count	GC	""	3end	j_trim
-0.178541094064713	motif	A	pos1	5end	v_trim
0.0685498639941216	motif	C	pos1	5end	v_trim
-0.174532726407051	motif	G	pos1	5end	v_trim
-0.35500892996788	motif	A	pos1	5end	j_trim
0.382140219211578	motif	C	pos1	5end	j_trim
-0.239203602075577	motif	G	pos1	5end	j_trim
0.425784528255463	motif	A	pos1	3end	v_trim
-0.600848853588104	motif	C	pos1	3end	v_trim
-0.114034913480282	motif	G	pos1	3end	v_trim
0.115660838782787	motif	A	pos2	3end	v_trim
-0.236703187227249	motif	C	pos2	3end	v_trim
-0.0724749341607094	motif	G	pos2	3end	v_trim
0.232865020632744	motif	A	pos1	3end	j_trim
-0.433168649673462	motif	C	pos1	3end	j_trim
0.0589997693896294	motif	G	pos1	3end	j_trim
-0.116745993494988	motif	A	pos2	3end	j_trim
0.0200927648693323	motif	C	pos2	3end	j_trim
-0.203179657459259	motif	G	pos2	3end	j_trim
0.212072312831879	motif	T	pos1	5end	j_trim
0.284523956477642	motif	T	pos1	5end	v_trim
0.289099238812923	motif	T	pos1	3end	v_trim
0.299832886084914	motif	T	pos2	3end	j_trim
0.193517282605171	motif	T	pos2	3end	v_trim
0.141303859651089	motif	T	pos1	3end	j_trim
