value	coefficient	base	position	side	trim_type
-0.101809352636337	ligation_mh	""	""	""	""
0.0788449421525002	base_count	GC	""	5end	v_trim
0.297069519758225	base_count	GC	""	5end	j_trim
-0.150158017873764	base_count	AT	""	3end	v_trim
-0.376010239124298	base_count	GC	""	3end	v_trim
-0.130490839481354	base_count	AT	""	3end	j_trim
-0.287551701068878	base_count	GC	""	3end	j_trim
-0.0612026937305927	motif	A	pos1	5end	v_trim
0.101243935525417	motif	C	pos1	5end	v_trim
0.0360156111419201	motif	G	pos1	5end	v_trim
-0.26057767868042	motif	A	pos1	5end	j_trim
0.322765469551086	motif	C	pos1	5end	j_trim
-0.167163074016571	motif	G	pos1	5end	j_trim
0.402741670608521	motif	A	pos1	3end	v_trim
-0.510525524616242	motif	C	pos1	3end	v_trim
-0.0167467352002859	motif	G	pos1	3end	v_trim
0.00960099697113037	motif	A	pos2	3end	v_trim
-0.115171410143375	motif	C	pos2	3end	v_trim
-0.1840460896492	motif	G	pos2	3end	v_trim
0.224244549870491	motif	A	pos1	3end	j_trim
-0.319514036178589	motif	C	pos1	3end	j_trim
0.0190039295703173	motif	G	pos1	3end	j_trim
-0.0795589759945869	motif	A	pos2	3end	j_trim
-0.0118493353947997	motif	C	pos2	3end	j_trim
-0.165043786168098	motif	G	pos2	3end	j_trim
0.124530589208007	motif	T	pos1	3end	v_trim
0.289616502821445	motif	T	pos2	3end	v_trim
0.104975283145905	motif	T	pos1	5end	j_trim
0.0762655567377806	motif	T	pos1	3end	j_trim
0.256452097557485	motif	T	pos2	3end	j_trim
-0.0760568529367447	motif	T	pos1	5end	v_trim
