value	coefficient	base	position	side	trim_type
0.0989583507180214	ligation_mh	""	""	""	""
0.0796202123165131	base_count	GC	""	5end	v_trim
0.297144383192062	base_count	GC	""	5end	j_trim
-0.152248755097389	base_count	AT	""	3end	v_trim
-0.37158727645874	base_count	GC	""	3end	v_trim
-0.135158702731133	base_count	AT	""	3end	j_trim
-0.283198982477188	base_count	GC	""	3end	j_trim
-0.0840642005205154	motif	A	pos1	5end	v_trim
0.111744046211243	motif	C	pos1	5end	v_trim
0.0357351265847683	motif	G	pos1	5end	v_trim
-0.250993669033051	motif	A	pos1	5end	j_trim
0.314732491970062	motif	C	pos1	5end	j_trim
-0.177444264292717	motif	G	pos1	5end	j_trim
0.399347394704819	motif	A	pos1	3end	v_trim
-0.49952432513237	motif	C	pos1	3end	v_trim
-0.0184023678302765	motif	G	pos1	3end	v_trim
0.00758244656026363	motif	A	pos2	3end	v_trim
-0.110618829727173	motif	C	pos2	3end	v_trim
-0.178992822766304	motif	G	pos2	3end	v_trim
0.220758438110352	motif	A	pos1	3end	j_trim
-0.312232404947281	motif	C	pos1	3end	j_trim
0.0140247130766511	motif	G	pos1	3end	j_trim
-0.0777553915977478	motif	A	pos2	3end	j_trim
-0.00876714009791613	motif	C	pos2	3end	j_trim
-0.170495331287384	motif	G	pos2	3end	j_trim
-0.0634149722754955	motif	T	pos1	5end	v_trim
0.0774492537602782	motif	T	pos1	3end	j_trim
0.118579298257828	motif	T	pos1	3end	v_trim
0.282029205933213	motif	T	pos2	3end	v_trim
0.113705441355705	motif	T	pos1	5end	j_trim
0.257017862983048	motif	T	pos2	3end	j_trim
