value	coefficient	base	position	side	trim_type
-0.0410259515047073	ligation_mh	""	""	""	""
0.0844905897974968	base_count	GC	""	5end	v_trim
0.293617695569992	base_count	GC	""	5end	j_trim
-0.140761733055115	base_count	AT	""	3end	v_trim
-0.372888535261154	base_count	GC	""	3end	v_trim
-0.12700343132019	base_count	AT	""	3end	j_trim
-0.302292227745056	base_count	GC	""	3end	j_trim
-0.0590559579432011	motif	A	pos1	5end	v_trim
0.10525469481945	motif	C	pos1	5end	v_trim
0.0361191369593143	motif	G	pos1	5end	v_trim
-0.25320702791214	motif	A	pos1	5end	j_trim
0.324183255434036	motif	C	pos1	5end	j_trim
-0.169326573610306	motif	G	pos1	5end	j_trim
0.409757643938065	motif	A	pos1	3end	v_trim
-0.53744637966156	motif	C	pos1	3end	v_trim
-0.00570196239277721	motif	G	pos1	3end	v_trim
0.0250953380018473	motif	A	pos2	3end	v_trim
-0.115010201931	motif	C	pos2	3end	v_trim
-0.186515688896179	motif	G	pos2	3end	v_trim
0.217757418751717	motif	A	pos1	3end	j_trim
-0.324659287929535	motif	C	pos1	3end	j_trim
0.0193490125238895	motif	G	pos1	3end	j_trim
-0.0756091251969338	motif	A	pos2	3end	j_trim
-0.00438462570309639	motif	C	pos2	3end	j_trim
-0.182145774364471	motif	G	pos2	3end	j_trim
0.0983503460884094	motif	T	pos1	5end	j_trim
0.0875528566539288	motif	T	pos1	3end	j_trim
0.262139525264502	motif	T	pos2	3end	j_trim
0.276430552825332	motif	T	pos2	3end	v_trim
-0.0823178738355637	motif	T	pos1	5end	v_trim
0.133390698116273	motif	T	pos1	3end	v_trim
