value	coefficient	base	position	side	trim_type
0.170522883534431	ligation_mh	""	""	""	""
0.0906436368823051	base_count	GC	""	5end	v_trim
0.294511616230011	base_count	GC	""	5end	j_trim
-0.140711814165115	base_count	AT	""	3end	v_trim
-0.36806720495224	base_count	GC	""	3end	v_trim
-0.13095985352993	base_count	AT	""	3end	j_trim
-0.297210991382599	base_count	GC	""	3end	j_trim
-0.0784693360328674	motif	A	pos1	5end	v_trim
0.118753768503666	motif	C	pos1	5end	v_trim
0.0377582274377346	motif	G	pos1	5end	v_trim
-0.246481969952583	motif	A	pos1	5end	j_trim
0.312170594930649	motif	C	pos1	5end	j_trim
-0.174216896295547	motif	G	pos1	5end	j_trim
0.40722519159317	motif	A	pos1	3end	v_trim
-0.537678837776184	motif	C	pos1	3end	v_trim
0.000894690630957484	motif	G	pos1	3end	v_trim
0.0259264148771763	motif	A	pos2	3end	v_trim
-0.115877047181129	motif	C	pos2	3end	v_trim
-0.187205418944359	motif	G	pos2	3end	v_trim
0.20769827067852	motif	A	pos1	3end	j_trim
-0.30774199962616	motif	C	pos1	3end	j_trim
0.0123116234317422	motif	G	pos1	3end	j_trim
-0.0801446884870529	motif	A	pos2	3end	j_trim
0.00411989027634263	motif	C	pos2	3end	j_trim
-0.183977976441383	motif	G	pos2	3end	j_trim
0.108528271317482	motif	T	pos1	5end	j_trim
0.277156051248312	motif	T	pos2	3end	v_trim
0.260002774652094	motif	T	pos2	3end	j_trim
-0.0780426599085331	motif	T	pos1	5end	v_trim
0.129558955552056	motif	T	pos1	3end	v_trim
0.0877321055158973	motif	T	pos1	3end	j_trim
