value	coefficient	base	position	side	trim_type
-0.353251457214355	ligation_mh	""	""	""	""
-0.0498899333178997	base_count	GC	""	5end	v_trim
0.231058329343796	base_count	GC	""	5end	j_trim
-0.324862360954285	base_count	AT	""	3end	v_trim
-0.337544918060303	base_count	GC	""	3end	v_trim
-0.101258635520935	base_count	AT	""	3end	j_trim
-0.282143205404282	base_count	GC	""	3end	j_trim
-0.174671903252602	motif	A	pos1	5end	v_trim
0.0635010078549385	motif	C	pos1	5end	v_trim
-0.172467947006226	motif	G	pos1	5end	v_trim
-0.351994782686234	motif	A	pos1	5end	j_trim
0.381055474281311	motif	C	pos1	5end	j_trim
-0.239773526787758	motif	G	pos1	5end	j_trim
0.425632268190384	motif	A	pos1	3end	v_trim
-0.597494661808014	motif	C	pos1	3end	v_trim
-0.113096334040165	motif	G	pos1	3end	v_trim
0.112593702971935	motif	A	pos2	3end	v_trim
-0.236330926418304	motif	C	pos2	3end	v_trim
-0.0698780044913292	motif	G	pos2	3end	v_trim
0.236524164676666	motif	A	pos1	3end	j_trim
-0.436692476272583	motif	C	pos1	3end	j_trim
0.0571945235133171	motif	G	pos1	3end	j_trim
-0.11444603651762	motif	A	pos2	3end	j_trim
0.0188900828361511	motif	C	pos2	3end	j_trim
-0.20563605427742	motif	G	pos2	3end	j_trim
0.283638842403889	motif	T	pos1	5end	v_trim
0.1429737880826	motif	T	pos1	3end	j_trim
0.193615227937698	motif	T	pos2	3end	v_trim
0.284958727657795	motif	T	pos1	3end	v_trim
0.301192007958889	motif	T	pos2	3end	j_trim
0.21071283519268	motif	T	pos1	5end	j_trim
