value	coefficient	base	position	side	trim_type
-0.298160940408707	ligation_mh	""	""	""	""
0.0790526643395424	base_count	GC	""	5end	v_trim
0.297577887773514	base_count	GC	""	5end	j_trim
-0.154413878917694	base_count	AT	""	3end	v_trim
-0.374228298664093	base_count	GC	""	3end	v_trim
-0.12809856235981	base_count	AT	""	3end	j_trim
-0.290588676929474	base_count	GC	""	3end	j_trim
-0.0353132672607899	motif	A	pos1	5end	v_trim
0.085813894867897	motif	C	pos1	5end	v_trim
0.0344114936888218	motif	G	pos1	5end	v_trim
-0.26858988404274	motif	A	pos1	5end	j_trim
0.338374942541122	motif	C	pos1	5end	j_trim
-0.166081354022026	motif	G	pos1	5end	j_trim
0.404922276735306	motif	A	pos1	3end	v_trim
-0.513559401035309	motif	C	pos1	3end	v_trim
-0.0160124767571688	motif	G	pos1	3end	v_trim
0.0051809037104249	motif	A	pos2	3end	v_trim
-0.10971862077713	motif	C	pos2	3end	v_trim
-0.185770437121391	motif	G	pos2	3end	v_trim
0.226414054632187	motif	A	pos1	3end	j_trim
-0.322581768035889	motif	C	pos1	3end	j_trim
0.022690586745739	motif	G	pos1	3end	j_trim
-0.0722724720835686	motif	A	pos2	3end	j_trim
-0.0157388783991337	motif	C	pos2	3end	j_trim
-0.166067659854889	motif	G	pos2	3end	j_trim
-0.084912121295929	motif	T	pos1	5end	v_trim
0.0734771266579628	motif	T	pos1	3end	j_trim
0.0962962955236435	motif	T	pos1	5end	j_trim
0.254079010337591	motif	T	pos2	3end	j_trim
0.124649601057172	motif	T	pos1	3end	v_trim
0.290308154188097	motif	T	pos2	3end	v_trim
