value	coefficient	base	position	side	trim_type
0.149443432688713	ligation_mh	""	""	""	""
-0.0482497625052929	base_count	GC	""	5end	v_trim
0.23294597864151	base_count	GC	""	5end	j_trim
-0.325697213411331	base_count	AT	""	3end	v_trim
-0.333551049232483	base_count	GC	""	3end	v_trim
-0.107906758785248	base_count	AT	""	3end	j_trim
-0.277812838554382	base_count	GC	""	3end	j_trim
-0.222677394747734	motif	A	pos1	5end	v_trim
0.0904354900121689	motif	C	pos1	5end	v_trim
-0.183533683419228	motif	G	pos1	5end	v_trim
-0.380638897418976	motif	A	pos1	5end	j_trim
0.377715289592743	motif	C	pos1	5end	j_trim
-0.257111549377441	motif	G	pos1	5end	j_trim
0.429336994886398	motif	A	pos1	3end	v_trim
-0.605207920074463	motif	C	pos1	3end	v_trim
-0.114649131894112	motif	G	pos1	3end	v_trim
0.119294121861458	motif	A	pos2	3end	v_trim
-0.242614701390266	motif	C	pos2	3end	v_trim
-0.0672124028205872	motif	G	pos2	3end	v_trim
0.242237538099289	motif	A	pos1	3end	j_trim
-0.43700122833252	motif	C	pos1	3end	j_trim
0.050603374838829	motif	G	pos1	3end	j_trim
-0.124375998973846	motif	A	pos2	3end	j_trim
0.027534507215023	motif	C	pos2	3end	j_trim
-0.206027090549469	motif	G	pos2	3end	j_trim
0.190532982349396	motif	T	pos2	3end	v_trim
0.144160315394402	motif	T	pos1	3end	j_trim
0.315775588154793	motif	T	pos1	5end	v_trim
0.290520057082176	motif	T	pos1	3end	v_trim
0.260035157203674	motif	T	pos1	5end	j_trim
0.302868582308292	motif	T	pos2	3end	j_trim
