value	coefficient	base	position	side	trim_type
-0.359893918037415	ligation_mh	""	""	""	""
0.0776239782571793	base_count	GC	""	5end	v_trim
0.296723514795303	base_count	GC	""	5end	j_trim
-0.151343643665314	base_count	AT	""	3end	v_trim
-0.37728425860405	base_count	GC	""	3end	v_trim
-0.12672945857048	base_count	AT	""	3end	j_trim
-0.292133629322052	base_count	GC	""	3end	j_trim
-0.0315044224262238	motif	A	pos1	5end	v_trim
0.0823108777403832	motif	C	pos1	5end	v_trim
0.034713838249445	motif	G	pos1	5end	v_trim
-0.274511784315109	motif	A	pos1	5end	j_trim
0.342248141765595	motif	C	pos1	5end	j_trim
-0.16280072927475	motif	G	pos1	5end	j_trim
0.407043784856796	motif	A	pos1	3end	v_trim
-0.518210649490356	motif	C	pos1	3end	v_trim
-0.0148614309728146	motif	G	pos1	3end	v_trim
0.00601023528724909	motif	A	pos2	3end	v_trim
-0.109703935682774	motif	C	pos2	3end	v_trim
-0.18968677520752	motif	G	pos2	3end	v_trim
0.225109755992889	motif	A	pos1	3end	j_trim
-0.325953215360642	motif	C	pos1	3end	j_trim
0.0239845495671034	motif	G	pos1	3end	j_trim
-0.0724193230271339	motif	A	pos2	3end	j_trim
-0.0155817987397313	motif	C	pos2	3end	j_trim
-0.165829956531525	motif	G	pos2	3end	j_trim
0.293380475603044	motif	T	pos2	3end	v_trim
0.0950643718242645	motif	T	pos1	5end	j_trim
-0.0855202935636044	motif	T	pos1	5end	v_trim
0.25383107829839	motif	T	pos2	3end	j_trim
0.126028295606375	motif	T	pos1	3end	v_trim
0.0768589098006487	motif	T	pos1	3end	j_trim
