value	coefficient	base	position	side	trim_type
-0.000245901173911989	mh_count	""	overlap1	mid	""
0.000137437862576917	mh_count	""	overlap2	mid	""
-0.000150846695760265	mh_count	""	overlap3	mid	""
0.000560856016818434	mh_count	""	overlap4	mid	""
0.0777438580989838	base_count	GC	""	5end	v_trim
0.294527649879456	base_count	GC	""	5end	j_trim
-0.143727734684944	base_count	AT	""	3end	v_trim
-0.38110876083374	base_count	GC	""	3end	v_trim
-0.123907081782818	base_count	AT	""	3end	j_trim
-0.302895188331604	base_count	GC	""	3end	j_trim
0.0429781042039394	motif	A	pos1	5end	v_trim
0.0392786152660847	motif	C	pos1	5end	v_trim
0.0270458143204451	motif	G	pos1	5end	v_trim
-0.306261241436005	motif	A	pos1	5end	j_trim
0.391745448112488	motif	C	pos1	5end	j_trim
-0.162619635462761	motif	G	pos1	5end	j_trim
0.412463486194611	motif	A	pos1	3end	v_trim
-0.541522026062012	motif	C	pos1	3end	v_trim
-0.00528814038261771	motif	G	pos1	3end	v_trim
0.0220333598554134	motif	A	pos2	3end	v_trim
-0.115549005568028	motif	C	pos2	3end	v_trim
-0.189871966838837	motif	G	pos2	3end	v_trim
0.218306064605713	motif	A	pos1	3end	j_trim
-0.330710351467133	motif	C	pos1	3end	j_trim
0.0232872758060694	motif	G	pos1	3end	j_trim
-0.067600391805172	motif	A	pos2	3end	j_trim
-0.00990509148687124	motif	C	pos2	3end	j_trim
-0.187670260667801	motif	G	pos2	3end	j_trim
0.0771354287862778	motif	T	pos1	5end	j_trim
-0.109302533790469	motif	T	pos1	5end	v_trim
0.265175743959844	motif	T	pos2	3end	j_trim
0.283387612551451	motif	T	pos2	3end	v_trim
0.134346680250019	motif	T	pos1	3end	v_trim
0.0891170110553503	motif	T	pos1	3end	j_trim
