value	coefficient	base	position	side	trim_type
0.998729765415192	mh_count	""	overlap1	mid	""
0.999463617801666	mh_count	""	overlap2	mid	""
1	mh_count	""	overlap3	mid	""
0.998790144920349	mh_count	""	overlap4	mid	""
0.0776093378663063	base_count	GC	""	5end	v_trim
0.29572394490242	base_count	GC	""	5end	j_trim
-0.145941630005836	base_count	AT	""	3end	v_trim
-0.380550056695938	base_count	GC	""	3end	v_trim
-0.123564012348652	base_count	AT	""	3end	j_trim
-0.302555978298187	base_count	GC	""	3end	j_trim
0.042878981679678	motif	A	pos1	5end	v_trim
0.0411369018256664	motif	C	pos1	5end	v_trim
0.0270760860294104	motif	G	pos1	5end	v_trim
-0.306403428316116	motif	A	pos1	5end	j_trim
0.393315404653549	motif	C	pos1	5end	j_trim
-0.162293702363968	motif	G	pos1	5end	j_trim
0.411941170692444	motif	A	pos1	3end	v_trim
-0.538357496261597	motif	C	pos1	3end	v_trim
-0.00663211429491639	motif	G	pos1	3end	v_trim
0.0207314528524876	motif	A	pos2	3end	v_trim
-0.109907880425453	motif	C	pos2	3end	v_trim
-0.190266504883766	motif	G	pos2	3end	v_trim
0.218856140971184	motif	A	pos1	3end	j_trim
-0.330058097839355	motif	C	pos1	3end	j_trim
0.0228056684136391	motif	G	pos1	3end	j_trim
-0.0655139461159706	motif	A	pos2	3end	j_trim
-0.0128694083541632	motif	C	pos2	3end	j_trim
-0.186874151229858	motif	G	pos2	3end	j_trim
0.265257505699992	motif	T	pos2	3end	j_trim
0.075381726026535	motif	T	pos1	5end	j_trim
-0.111091969534755	motif	T	pos1	5end	v_trim
0.133048439864069	motif	T	pos1	3end	v_trim
0.279442932456732	motif	T	pos2	3end	v_trim
0.0883962884545326	motif	T	pos1	3end	j_trim
