value	coefficient	base	position	side	trim_type
-0.0204688850790262	mh_prop	""	overlap1	mid	""
-0.00370628852397203	mh_prop	""	overlap2	mid	""
0.00311929197050631	mh_prop	""	overlap3	mid	""
0.0385397858917713	mh_prop	""	overlap4	mid	""
0.0977298617362976	base_count	GC	""	5end	v_trim
0.262962698936462	base_count	GC	""	5end	j_trim
-0.107080765068531	base_count	AT	""	3end	v_trim
-0.552729785442352	base_count	GC	""	3end	v_trim
-0.141069054603577	base_count	AT	""	3end	j_trim
-0.346293091773987	base_count	GC	""	3end	j_trim
0.0166759192943573	motif	A	pos1	5end	v_trim
0.0196577087044716	motif	C	pos1	5end	v_trim
0.0285768806934357	motif	G	pos1	5end	v_trim
-0.305615395307541	motif	A	pos1	5end	j_trim
0.432719171047211	motif	C	pos1	5end	j_trim
-0.18980285525322	motif	G	pos1	5end	j_trim
0.373676627874374	motif	A	pos1	3end	v_trim
-0.479863315820694	motif	C	pos1	3end	v_trim
0.0887781605124474	motif	G	pos1	3end	v_trim
-0.0410550571978092	motif	A	pos2	3end	v_trim
-0.10534705221653	motif	C	pos2	3end	v_trim
-0.0703093856573105	motif	G	pos2	3end	v_trim
0.214342892169952	motif	A	pos1	3end	j_trim
-0.359347850084305	motif	C	pos1	3end	j_trim
-0.00123178877402097	motif	G	pos1	3end	j_trim
-0.036517396569252	motif	A	pos2	3end	j_trim
-0.0835773423314095	motif	C	pos2	3end	j_trim
-0.196614310145378	motif	G	pos2	3end	j_trim
0.21671149507165	motif	T	pos2	3end	v_trim
0.146236746688373	motif	T	pos1	3end	j_trim
0.0626990795135498	motif	T	pos1	5end	j_trim
0.31670904904604	motif	T	pos2	3end	j_trim
-0.0649105086922646	motif	T	pos1	5end	v_trim
0.0174085274338722	motif	T	pos1	3end	v_trim
