coefficient	value	error	base	position	side	trim_type	training_error
base_count	0.0467213578522205	1.43549335002899	GC	""	5end	v_trim	5.3950508061007e-08
base_count	0.257937639951706	1.31833744049072	GC	""	5end	j_trim	5.3950508061007e-08
base_count	-0.183829113841057	2.18644666671753	AT	""	3end	v_trim	5.3950508061007e-08
base_count	-0.404041558504105	2.09353923797607	GC	""	3end	v_trim	5.3950508061007e-08
base_count	-0.116275414824486	1.06775999069214	AT	""	3end	j_trim	5.3950508061007e-08
base_count	-0.340166300535202	1.69542253017426	GC	""	3end	j_trim	5.3950508061007e-08
motif	0.250153720378876	2.03819918632507	A	pos1	5end	v_trim	5.3950508061007e-08
motif	-0.121655412018299	2.05575942993164	C	pos1	5end	v_trim	5.3950508061007e-08
motif	-0.124219216406345	1.87478244304657	G	pos1	5end	v_trim	5.3950508061007e-08
motif	-0.265281498432159	2.0891900062561	A	pos1	5end	j_trim	5.3950508061007e-08
motif	0.362439811229706	2.18154287338257	C	pos1	5end	j_trim	5.3950508061007e-08
motif	-0.166141882538795	2.05389666557312	G	pos1	5end	j_trim	5.3950508061007e-08
motif	0.254098355770111	2.24422979354858	A	pos1	3end	v_trim	5.3950508061007e-08
motif	-0.372915744781494	2.42488813400269	C	pos1	3end	v_trim	5.3950508061007e-08
motif	-0.0506369285285473	2.13017082214355	G	pos1	3end	v_trim	5.3950508061007e-08
motif	-0.0272916741669178	2.26405787467957	A	pos2	3end	v_trim	5.3950508061007e-08
motif	-0.0726292803883553	2.29794788360596	C	pos2	3end	v_trim	5.3950508061007e-08
motif	-0.150339275598526	2.1115505695343	G	pos2	3end	v_trim	5.3950508061007e-08
motif	0.174608647823334	1.9719729423523	A	pos1	3end	j_trim	5.3950508061007e-08
motif	-0.313195317983627	2.6635262966156	C	pos1	3end	j_trim	5.3950508061007e-08
motif	-0.0404217950999737	2.20398879051209	G	pos1	3end	j_trim	5.3950508061007e-08
motif	-0.0300760418176651	2.10786771774292	A	pos2	3end	j_trim	5.3950508061007e-08
motif	-0.0666273310780525	2.46620106697083	C	pos2	3end	j_trim	5.3950508061007e-08
motif	-0.121619880199432	2.29365062713623	G	pos2	3end	j_trim	5.3950508061007e-08
ligation_mh	1.18017101287842	3.42951726913452	""	""	""	""	5.3950508061007e-08
motif	0.16945431753993		T	pos1	3end	v_trim	5.3950508061007e-08
motif	0.0689835697412491		T	pos1	5end	j_trim	5.3950508061007e-08
motif	0.250260230153799		T	pos2	3end	v_trim	5.3950508061007e-08
motif	0.179008465260267		T	pos1	3end	j_trim	5.3950508061007e-08
motif	-0.00427909195423126		T	pos1	5end	v_trim	5.3950508061007e-08
motif	0.21832325309515		T	pos2	3end	j_trim	5.3950508061007e-08
