value	coefficient	base	position	side	trim_type
0.187704354524612	mh_prop	""	overlap0	up	""
0.197973266243935	mh_prop	""	overlap0	down	""
0.251727849245071	mh_prop	""	overlap1	up	""
0.0203670896589756	mh_prop	""	overlap1	mid	""
0.226922184228897	mh_prop	""	overlap1	down	""
0.276346296072006	mh_prop	""	overlap2	up	""
0.031939722597599	mh_prop	""	overlap2	mid	""
0.257327377796173	mh_prop	""	overlap2	down	""
0.279420912265778	mh_prop	""	overlap3	up	""
0.0325203686952591	mh_prop	""	overlap3	mid	""
0.214728578925133	mh_prop	""	overlap3	down	""
0.233536064624786	mh_prop	""	overlap4	up	""
0.0472921691834927	mh_prop	""	overlap4	mid	""
0.227779105305672	mh_prop	""	overlap4	down	""
0.100619740784168	base_count	GC	""	5end	v_trim
-0.147713959217072	base_count	AT	""	3end	v_trim
-0.394442796707153	base_count	GC	""	3end	v_trim
0.273809999227524	base_count	GC	""	5end	j_trim
-0.127739757299423	base_count	AT	""	3end	j_trim
-0.312255322933197	base_count	GC	""	3end	j_trim
0.0322396978735924	motif	A	pos1	5end	v_trim
0.0719775781035423	motif	C	pos1	5end	v_trim
0.0291605461388826	motif	G	pos1	5end	v_trim
-0.304040968418121	motif	A	pos1	5end	j_trim
0.380047202110291	motif	C	pos1	5end	j_trim
-0.140952870249748	motif	G	pos1	5end	j_trim
0.382079482078552	motif	A	pos1	3end	v_trim
-0.498086512088776	motif	C	pos1	3end	v_trim
-0.0282888505607843	motif	G	pos1	3end	v_trim
0.0157311446964741	motif	A	pos2	3end	v_trim
-0.0982345640659332	motif	C	pos2	3end	v_trim
-0.206610754132271	motif	G	pos2	3end	v_trim
0.224206283688545	motif	A	pos1	3end	j_trim
-0.349123656749725	motif	C	pos1	3end	j_trim
0.0411392338573933	motif	G	pos1	3end	j_trim
-0.0632436275482178	motif	A	pos2	3end	j_trim
-0.0236671734601259	motif	C	pos2	3end	j_trim
-0.175276547670364	motif	G	pos2	3end	j_trim
0.0837781392037869	motif	T	pos1	3end	j_trim
-0.133377822116017	motif	T	pos1	5end	v_trim
0.144295880571008	motif	T	pos1	3end	v_trim
0.262187348678708	motif	T	pos2	3end	j_trim
0.28911417350173	motif	T	pos2	3end	v_trim
0.064946636557579	motif	T	pos1	5end	j_trim
