value	coefficient	base	position	side	trim_type
-0.000700860284268856	mh_count	""	overlap0	up	""
0.00806363578885794	mh_count	""	overlap0	down	""
0.00328342639841139	mh_count	""	overlap1	up	""
0.00469815311953425	mh_count	""	overlap1	mid	""
0.013910099864006	mh_count	""	overlap1	down	""
0.00953545048832893	mh_count	""	overlap2	up	""
0.00930615141987801	mh_count	""	overlap2	mid	""
0.0154397031292319	mh_count	""	overlap2	down	""
0.0127706313505769	mh_count	""	overlap3	up	""
0.000810280325822532	mh_count	""	overlap3	mid	""
0.00983995851129293	mh_count	""	overlap3	down	""
0.017412232235074	mh_count	""	overlap4	up	""
0.00382282864302397	mh_count	""	overlap4	mid	""
0.0155405355617404	mh_count	""	overlap4	down	""
0.0746446698904038	base_count	GC	""	5end	v_trim
0.0576898343861103	base_count	GC	""	5end	j_trim
-0.706995010375977	base_count	GC	""	3end	v_trim
-0.678918898105621	base_count	GC	""	3end	j_trim
0.0542532727122307	v_length	""	""	""	v_trim
0.0672349780797958	j_length	""	""	""	j_trim
0.0310353543609381	motif	A	pos1	5end	v_trim
0.0810988023877144	motif	C	pos1	5end	v_trim
-0.0397404879331589	motif	G	pos1	5end	v_trim
-0.184871211647987	motif	A	pos1	5end	j_trim
0.238500282168388	motif	C	pos1	5end	j_trim
-0.236143752932549	motif	G	pos1	5end	j_trim
0.377996295690537	motif	A	pos1	3end	v_trim
-0.457169771194458	motif	C	pos1	3end	v_trim
-0.10447770357132	motif	G	pos1	3end	v_trim
0.0414186753332615	motif	A	pos2	3end	v_trim
-0.1040278673172	motif	C	pos2	3end	v_trim
-0.306741893291473	motif	G	pos2	3end	v_trim
0.309470176696777	motif	A	pos1	3end	j_trim
-0.444783836603165	motif	C	pos1	3end	j_trim
-0.0460746139287949	motif	G	pos1	3end	j_trim
0.0349046848714352	motif	A	pos2	3end	j_trim
-0.106063663959503	motif	C	pos2	3end	j_trim
-0.282229006290436	motif	G	pos2	3end	j_trim
0.183651179075241	motif	T	pos1	3end	v_trim
0.353387985378504	motif	T	pos2	3end	j_trim
0.369351085275412	motif	T	pos2	3end	v_trim
-0.0723936688154936	motif	T	pos1	5end	v_trim
0.182514682412148	motif	T	pos1	5end	j_trim
0.181388273835182	motif	T	pos1	3end	j_trim
