value	coefficient	base	position	side	trim_type
-0.0066479598172009	mh_count	""	overlap0	up	""
0.0107007632032037	mh_count	""	overlap0	down	""
-0.00387200526893139	mh_count	""	overlap1	up	""
0.00271681882441044	mh_count	""	overlap1	mid	""
0.0140958838164806	mh_count	""	overlap1	down	""
0.00213921768590808	mh_count	""	overlap2	up	""
0.0103801349177957	mh_count	""	overlap2	mid	""
0.0101236933842301	mh_count	""	overlap2	down	""
0.00654474971815944	mh_count	""	overlap3	up	""
0.00600000889971852	mh_count	""	overlap3	mid	""
-0.000109504246211145	mh_count	""	overlap3	down	""
0.0128683624789119	mh_count	""	overlap4	up	""
0.00926980655640364	mh_count	""	overlap4	mid	""
0.00534419529139996	mh_count	""	overlap4	down	""
0.0945304036140442	base_count	GC	""	5end	v_trim
0.171150252223015	base_count	GC	""	5end	j_trim
-0.354514509439468	base_count	AT	""	3end	v_trim
-0.571745574474335	base_count	GC	""	3end	v_trim
-0.385209292173386	base_count	AT	""	3end	j_trim
-0.608583807945252	base_count	GC	""	3end	j_trim
0.111971847712994	v_length	""	""	""	v_trim
0.203707948327065	j_length	""	""	""	j_trim
-0.0607366412878037	motif	A	pos1	5end	v_trim
0.14379794895649	motif	C	pos1	5end	v_trim
-0.0450387634336948	motif	G	pos1	5end	v_trim
-0.346448868513107	motif	A	pos1	5end	j_trim
0.43059828877449	motif	C	pos1	5end	j_trim
-0.15147003531456	motif	G	pos1	5end	j_trim
0.261044859886169	motif	A	pos1	3end	v_trim
-0.382155120372772	motif	C	pos1	3end	v_trim
-0.114299349486828	motif	G	pos1	3end	v_trim
-0.0891662761569023	motif	A	pos2	3end	v_trim
-0.00650026043877006	motif	C	pos2	3end	v_trim
-0.251329064369202	motif	G	pos2	3end	v_trim
0.204741701483727	motif	A	pos1	3end	j_trim
-0.324634253978729	motif	C	pos1	3end	j_trim
0.078504204750061	motif	G	pos1	3end	j_trim
-0.0917835086584091	motif	A	pos2	3end	j_trim
0.0183089431375265	motif	C	pos2	3end	j_trim
-0.136978209018707	motif	G	pos2	3end	j_trim
0.0673206150531769	motif	T	pos1	5end	j_trim
0.235409609973431	motif	T	pos1	3end	v_trim
-0.0380225442349911	motif	T	pos1	5end	v_trim
0.21045277453959	motif	T	pos2	3end	j_trim
0.346995600964874	motif	T	pos2	3end	v_trim
0.0413883477449417	motif	T	pos1	3end	j_trim
