value	coefficient	base	position	side	trim_type
0.0974288582801819	base_count	GC	""	5end	v_trim
-0.107445128262043	base_count	AT	""	3end	v_trim
-0.552911162376404	base_count	GC	""	3end	v_trim
0.263248890638351	base_count	GC	""	5end	j_trim
-0.140940874814987	base_count	AT	""	3end	j_trim
-0.346336036920548	base_count	GC	""	3end	j_trim
0.0148907555267215	motif	A	pos1	5end	v_trim
0.0209164116531611	motif	C	pos1	5end	v_trim
0.0283798575401306	motif	G	pos1	5end	v_trim
-0.304045826196671	motif	A	pos1	5end	j_trim
0.431148082017899	motif	C	pos1	5end	j_trim
-0.189606964588165	motif	G	pos1	5end	j_trim
0.373625993728638	motif	A	pos1	3end	v_trim
-0.479681134223938	motif	C	pos1	3end	v_trim
0.0884307324886322	motif	G	pos1	3end	v_trim
-0.0413864590227604	motif	A	pos2	3end	v_trim
-0.105174623429775	motif	C	pos2	3end	v_trim
-0.070420429110527	motif	G	pos2	3end	v_trim
0.21447317302227	motif	A	pos1	3end	j_trim
-0.359726369380951	motif	C	pos1	3end	j_trim
-0.000434801972005516	motif	G	pos1	3end	j_trim
-0.0362965911626816	motif	A	pos2	3end	j_trim
-0.083876796066761	motif	C	pos2	3end	j_trim
-0.195952728390694	motif	G	pos2	3end	j_trim
0.0176244080066681	motif	T	pos1	3end	v_trim
-0.0641870247200131	motif	T	pos1	5end	v_trim
0.145687998330686	motif	T	pos1	3end	j_trim
0.216981511563063	motif	T	pos2	3end	v_trim
0.316126115620136	motif	T	pos2	3end	j_trim
0.0625047087669373	motif	T	pos1	5end	j_trim
