value	coefficient	base	position	side	trim_type
0.445122957229614	ligation_mh	""	""	""	""
0.0941748023033142	base_count	GC	""	5end	v_trim
0.266915649175644	base_count	GC	""	5end	j_trim
-0.181971535086632	base_count	AT	""	3end	v_trim
-0.382876694202423	base_count	GC	""	3end	v_trim
-0.130749344825745	base_count	AT	""	3end	j_trim
-0.319453775882721	base_count	GC	""	3end	j_trim
0.122814141213894	motif	A	pos1	5end	v_trim
-0.0875800848007202	motif	C	pos1	5end	v_trim
-0.069573700428009	motif	G	pos1	5end	v_trim
-0.222165957093239	motif	A	pos1	5end	j_trim
0.308233708143234	motif	C	pos1	5end	j_trim
-0.185933008790016	motif	G	pos1	5end	j_trim
0.280713230371475	motif	A	pos1	3end	v_trim
-0.385918408632278	motif	C	pos1	3end	v_trim
-0.0804518386721611	motif	G	pos1	3end	v_trim
0.0602916181087494	motif	A	pos2	3end	v_trim
-0.142331883311272	motif	C	pos2	3end	v_trim
-0.139276832342148	motif	G	pos2	3end	v_trim
0.209909602999687	motif	A	pos1	3end	j_trim
-0.300454288721085	motif	C	pos1	3end	j_trim
-0.0308957882225513	motif	G	pos1	3end	j_trim
-0.013633924536407	motif	A	pos2	3end	j_trim
-0.0454279147088528	motif	C	pos2	3end	j_trim
-0.139210566878319	motif	G	pos2	3end	j_trim
0.22131709754467	motif	T	pos2	3end	v_trim
0.121440473943949	motif	T	pos1	3end	j_trim
0.185657016932964	motif	T	pos1	3end	v_trim
0.0343396440148354	motif	T	pos1	5end	v_trim
0.198272406123579	motif	T	pos2	3end	j_trim
0.0998652577400208	motif	T	pos1	5end	j_trim
